label_i,label_j,cosine_sim,pairwise_accuracy,n_samples,jaccard_sim
activate_my_card,age_limit,0.12613645195960999,0.825,80,0.0
activate_my_card,apple_pay_or_google_pay,0.15926842391490936,0.75,80,0.0
activate_my_card,atm_support,0.340520441532135,0.8625,80,0.0
activate_my_card,automatic_top_up,0.14841246604919434,0.8125,80,0.0
activate_my_card,balance_not_updated_after_bank_transfer,0.1347133219242096,0.6625,80,0.0
activate_my_card,balance_not_updated_after_cheque_or_cash_deposit,0.09846877306699753,0.7625,80,0.0
activate_my_card,beneficiary_not_allowed,0.13410505652427673,0.30625,160,0.0
activate_my_card,cancel_transfer,0.16903303563594818,0.8,80,0.0
activate_my_card,card_about_to_expire,0.5827522873878479,0.875,80,0.16666666666666666
activate_my_card,card_acceptance,0.5308877229690552,0.6125,80,0.25
activate_my_card,card_arrival,0.577120304107666,0.6625,80,0.25
activate_my_card,card_delivery_estimate,0.381352037191391,0.6375,80,0.2
activate_my_card,card_linking,0.5076166391372681,0.7375,80,0.25
activate_my_card,card_not_working,0.5937801599502563,0.9125,80,0.2
activate_my_card,card_payment_fee_charged,0.402874618768692,0.875,80,0.16666666666666666
activate_my_card,card_payment_not_recognised,0.5091349482536316,0.65,80,0.16666666666666666
activate_my_card,card_payment_wrong_exchange_rate,0.2969098389148712,0.65,80,0.14285714285714285
activate_my_card,card_swallowed,0.44630372524261475,0.5625,80,0.25
activate_my_card,cash_withdrawal_charge,0.16468258202075958,0.8625,80,0.0
activate_my_card,cash_withdrawal_not_recognised,0.26753419637680054,0.4666666666666667,120,0.0
activate_my_card,change_pin,0.2824934422969818,0.9625,80,0.0
activate_my_card,compromised_card,0.5656567215919495,0.7875,80,0.25
activate_my_card,contactless_not_working,0.16637015342712402,0.8875,80,0.0
activate_my_card,country_support,0.17945262789726257,0.65,80,0.0
activate_my_card,declined_card_payment,0.3920479118824005,0.775,80,0.2
activate_my_card,declined_cash_withdrawal,0.18430165946483612,0.6375,80,0.0
activate_my_card,declined_transfer,0.12943193316459656,0.7875,80,0.0
activate_my_card,direct_debit_payment_not_recognised,0.269392728805542,0.75,80,0.0
activate_my_card,disposable_card_limits,0.3874778151512146,0.8875,80,0.2
activate_my_card,edit_personal_details,0.12564271688461304,0.9375,80,0.0
activate_my_card,exchange_charge,0.112176813185215,0.6,80,0.0
activate_my_card,exchange_rate,0.039564166218042374,0.95,80,0.0
activate_my_card,exchange_via_app,0.17512507736682892,0.5625,80,0.0
activate_my_card,extra_charge_on_statement,0.16776183247566223,0.7875,80,0.0
activate_my_card,failed_transfer,0.14362017810344696,0.9125,80,0.0
activate_my_card,fiat_currency_support,0.161457359790802,0.775,80,0.0
activate_my_card,get_disposable_virtual_card,0.46494320034980774,0.775,120,0.16666666666666666
activate_my_card,get_physical_card,0.5313510894775391,0.4625,80,0.2
activate_my_card,getting_spare_card,0.5064452886581421,0.675,80,0.2
activate_my_card,high_value_transfer,0.08329816907644272,0.925,40,0.0
activate_my_card,identity_verification_mobile_number,0.3792206048965454,0.925,40,0.0
activate_my_card,incorrect_currency_received,0.14264532923698425,0.925,40,0.0
activate_my_card,international_fee,0.19606347382068634,0.925,40,0.0
activate_my_card,lost_or_stolen_card,0.4983578324317932,0.7625,80,0.16666666666666666
activate_my_card,lost_or_stolen_phone,0.24713639914989471,0.825,80,0.0
activate_my_card,order_physical_card,0.5154577493667603,0.55,80,0.2
activate_my_card,passcode_forgotten,0.3136046528816223,0.9375,80,0.0
activate_my_card,pending_card_payment,0.5508344173431396,0.9,80,0.2
activate_my_card,pending_cash_withdrawal,0.315200537443161,0.775,80,0.0
activate_my_card,pending_top_up,0.30110400915145874,0.775,80,0.0
activate_my_card,pending_transfer,0.2994958460330963,0.8,80,0.0
activate_my_card,reverted_card_payment,0.4047316312789917,0.825,80,0.2
activate_my_card,supported_cards_and_currencies,0.32078132033348083,0.625,80,0.0
activate_my_card,terminate_account,0.23581379652023315,0.9625,80,0.0
activate_my_card,top_up_by_bank_transfer_charge,0.10205812752246857,0.55,80,0.0
activate_my_card,top_up_by_card_charge,0.4297724962234497,0.7125,80,0.14285714285714285
activate_my_card,top_up_by_cash_or_cheque,0.09609223157167435,0.825,80,0.0
activate_my_card,top_up_failed,0.11693567037582397,0.8625,80,0.0
activate_my_card,top_up_limits,0.1150619238615036,0.9125,80,0.0
activate_my_card,top_up_reverted,0.09924786537885666,0.8,80,0.0
activate_my_card,topping_up_by_card,0.4118148684501648,0.4625,80,0.16666666666666666
activate_my_card,transaction_charged_twice,0.15350137650966644,0.925,80,0.0
activate_my_card,transfer_fee_charged,0.15138325095176697,0.8875,80,0.0
activate_my_card,transfer_into_account,0.23655912280082703,0.825,80,0.0
activate_my_card,transfer_not_received_by_recipient,0.09707628190517426,0.6625,80,0.0
activate_my_card,transfer_timing,0.08571410179138184,0.85,80,0.0
activate_my_card,unable_to_verify_identity,0.27720367908477783,0.65,80,0.0
activate_my_card,verify_my_identity,0.3662446141242981,0.95,80,0.2
activate_my_card,verify_source_of_funds,0.16059088706970215,0.9,80,0.0
activate_my_card,verify_top_up,0.22346001863479614,0.95,80,0.0
activate_my_card,virtual_card_not_working,0.43087542057037354,0.675,80,0.16666666666666666
activate_my_card,visa_or_mastercard,0.464587539434433,0.925,80,0.0
activate_my_card,why_is_card_on_the_way,0.447174996137619,0.4625,80,0.125
activate_my_card,wrong_amount_of_cash_received,0.09257705509662628,0.775,80,0.0
activate_my_card,wrong_exchange_rate_for_cash_withdrawal,0.07723352313041687,0.725,80,0.0
activate_my_card,receiving_money,0.24694083631038666,0.6125,80,0.0
age_limit,apple_pay_or_google_pay,-0.030340120196342468,0.65,80,0.0
age_limit,atm_support,0.1367216408252716,0.7625,80,0.0
age_limit,automatic_top_up,-0.008583083748817444,0.7125,80,0.0
age_limit,balance_not_updated_after_bank_transfer,-0.045406777411699295,0.5625,80,0.0
age_limit,balance_not_updated_after_cheque_or_cash_deposit,-0.050949402153491974,0.6625,80,0.0
age_limit,beneficiary_not_allowed,0.23683857917785645,0.25625,160,0.0
age_limit,cancel_transfer,0.005008090287446976,0.7,80,0.0
age_limit,card_about_to_expire,0.23741324245929718,0.775,80,0.0
age_limit,card_acceptance,0.1642521321773529,0.5125,80,0.0
age_limit,card_arrival,0.06996812671422958,0.5625,80,0.0
age_limit,card_delivery_estimate,0.09868650138378143,0.5375,80,0.0
age_limit,card_linking,0.0670393779873848,0.6375,80,0.0
age_limit,card_not_working,0.10946126282215118,0.8125,80,0.0
age_limit,card_payment_fee_charged,-0.0015355050563812256,0.775,80,0.0
age_limit,card_payment_not_recognised,0.04761006683111191,0.55,80,0.0
age_limit,card_payment_wrong_exchange_rate,-0.040062349289655685,0.55,80,0.0
age_limit,card_swallowed,0.14193019270896912,0.4625,80,0.0
age_limit,cash_withdrawal_charge,0.019033072516322136,0.7625,80,0.0
age_limit,cash_withdrawal_not_recognised,0.02024749666452408,0.4,120,0.0
age_limit,change_pin,0.11949129402637482,0.8625,80,0.0
age_limit,compromised_card,0.1083868071436882,0.6875,80,0.0
age_limit,contactless_not_working,-0.04125363379716873,0.7875,80,0.0
age_limit,country_support,0.08884891867637634,0.55,80,0.0
age_limit,declined_card_payment,0.06194903329014778,0.675,80,0.0
age_limit,declined_cash_withdrawal,0.06509529799222946,0.5375,80,0.0
age_limit,declined_transfer,0.052915871143341064,0.6875,80,0.0
age_limit,direct_debit_payment_not_recognised,-0.023007355630397797,0.65,80,0.0
age_limit,disposable_card_limits,0.3440213203430176,0.7875,80,0.0
age_limit,edit_personal_details,0.13131488859653473,0.8375,80,0.0
age_limit,exchange_charge,-0.004172179847955704,0.5,80,0.0
age_limit,exchange_rate,-0.019567742943763733,0.85,80,0.0
age_limit,exchange_via_app,-0.0011983104050159454,0.4625,80,0.0
age_limit,extra_charge_on_statement,0.0389629565179348,0.6875,80,0.0
age_limit,failed_transfer,0.08778614550828934,0.8125,80,0.0
age_limit,fiat_currency_support,0.07412294298410416,0.675,80,0.0
age_limit,get_disposable_virtual_card,0.01697704568505287,0.7083333333333334,120,0.0
age_limit,get_physical_card,0.16181215643882751,0.3625,80,0.0
age_limit,getting_spare_card,0.11450760066509247,0.575,80,0.0
age_limit,high_value_transfer,0.01545876357704401,0.725,40,0.0
age_limit,identity_verification_mobile_number,0.09178203344345093,0.725,40,0.0
age_limit,incorrect_currency_received,-0.04226706176996231,0.725,40,0.0
age_limit,international_fee,0.027866648510098457,0.725,40,0.0
age_limit,lost_or_stolen_card,0.07762405276298523,0.6625,80,0.0
age_limit,lost_or_stolen_phone,0.06330114603042603,0.725,80,0.0
age_limit,order_physical_card,0.0634496659040451,0.45,80,0.0
age_limit,passcode_forgotten,0.07712024450302124,0.8375,80,0.0
age_limit,pending_card_payment,0.02438240498304367,0.8,80,0.0
age_limit,pending_cash_withdrawal,0.030872944742441177,0.675,80,0.0
age_limit,pending_top_up,0.040581025183200836,0.675,80,0.0
age_limit,pending_transfer,0.02343566343188286,0.7,80,0.0
age_limit,reverted_card_payment,0.025290366262197495,0.725,80,0.0
age_limit,supported_cards_and_currencies,0.08271323144435883,0.525,80,0.0
age_limit,terminate_account,0.15034958720207214,0.8625,80,0.0
age_limit,top_up_by_bank_transfer_charge,-0.07305631041526794,0.45,80,0.0
age_limit,top_up_by_card_charge,0.032975003123283386,0.6125,80,0.0
age_limit,top_up_by_cash_or_cheque,-0.048691391944885254,0.725,80,0.0
age_limit,top_up_failed,0.08837255835533142,0.7625,80,0.0
age_limit,top_up_limits,0.3853040933609009,0.8125,80,0.0
age_limit,top_up_reverted,0.04395751655101776,0.7,80,0.0
age_limit,topping_up_by_card,0.07280728220939636,0.3625,80,0.0
age_limit,transaction_charged_twice,-0.014022156596183777,0.825,80,0.0
age_limit,transfer_fee_charged,-0.051360081881284714,0.7875,80,0.0
age_limit,transfer_into_account,0.1004284918308258,0.725,80,0.0
age_limit,transfer_not_received_by_recipient,-0.013608913868665695,0.5625,80,0.0
age_limit,transfer_timing,-0.005160350352525711,0.75,80,0.0
age_limit,unable_to_verify_identity,0.0694500058889389,0.55,80,0.0
age_limit,verify_my_identity,0.057299863547086716,0.85,80,0.0
age_limit,verify_source_of_funds,-0.06618044525384903,0.8,80,0.0
age_limit,verify_top_up,0.010829756036400795,0.85,80,0.0
age_limit,virtual_card_not_working,0.055487822741270065,0.575,80,0.0
age_limit,visa_or_mastercard,0.12051954865455627,0.825,80,0.0
age_limit,why_is_card_on_the_way,0.05519848316907883,0.3625,80,0.0
age_limit,wrong_amount_of_cash_received,0.013646872714161873,0.675,80,0.0
age_limit,wrong_exchange_rate_for_cash_withdrawal,-0.019570359960198402,0.625,80,0.0
age_limit,receiving_money,0.08182313293218613,0.5125,80,0.0
apple_pay_or_google_pay,atm_support,0.2646086513996124,0.6875,80,0.0
apple_pay_or_google_pay,automatic_top_up,0.007933077402412891,0.6375,80,0.0
apple_pay_or_google_pay,balance_not_updated_after_bank_transfer,0.15694957971572876,0.4875,80,0.0
apple_pay_or_google_pay,balance_not_updated_after_cheque_or_cash_deposit,0.23571380972862244,0.5875,80,0.09090909090909091
apple_pay_or_google_pay,beneficiary_not_allowed,0.028092144057154655,0.21875,160,0.0
apple_pay_or_google_pay,cancel_transfer,0.1413256973028183,0.625,80,0.0
apple_pay_or_google_pay,card_about_to_expire,0.09319257736206055,0.7,80,0.0
apple_pay_or_google_pay,card_acceptance,0.11476846784353256,0.4375,80,0.0
apple_pay_or_google_pay,card_arrival,0.08205131441354752,0.4875,80,0.0
apple_pay_or_google_pay,card_delivery_estimate,0.1443280726671219,0.4625,80,0.0
apple_pay_or_google_pay,card_linking,0.12769313156604767,0.5625,80,0.0
apple_pay_or_google_pay,card_not_working,0.059330735355615616,0.7375,80,0.0
apple_pay_or_google_pay,card_payment_fee_charged,0.32116642594337463,0.7,80,0.0
apple_pay_or_google_pay,card_payment_not_recognised,0.26679354906082153,0.475,80,0.0
apple_pay_or_google_pay,card_payment_wrong_exchange_rate,0.2043589949607849,0.475,80,0.0
apple_pay_or_google_pay,card_swallowed,0.05083715170621872,0.3875,80,0.0
apple_pay_or_google_pay,cash_withdrawal_charge,0.20757794380187988,0.6875,80,0.0
apple_pay_or_google_pay,cash_withdrawal_not_recognised,0.10135478526353836,0.35,120,0.0
apple_pay_or_google_pay,change_pin,0.03522910177707672,0.7875,80,0.0
apple_pay_or_google_pay,compromised_card,0.08811979740858078,0.6125,80,0.0
apple_pay_or_google_pay,contactless_not_working,-0.03594990074634552,0.7125,80,0.0
apple_pay_or_google_pay,country_support,0.07727478444576263,0.475,80,0.0
apple_pay_or_google_pay,declined_card_payment,0.20156314969062805,0.6,80,0.0
apple_pay_or_google_pay,declined_cash_withdrawal,0.08467418700456619,0.4625,80,0.0
apple_pay_or_google_pay,declined_transfer,0.07127775251865387,0.6125,80,0.0
apple_pay_or_google_pay,direct_debit_payment_not_recognised,0.20364105701446533,0.575,80,0.0
apple_pay_or_google_pay,disposable_card_limits,0.04496137052774429,0.7125,80,0.0
apple_pay_or_google_pay,edit_personal_details,0.016607312485575676,0.7625,80,0.0
apple_pay_or_google_pay,exchange_charge,0.2665596306324005,0.425,80,0.0
apple_pay_or_google_pay,exchange_rate,0.18891896307468414,0.775,80,0.0
apple_pay_or_google_pay,exchange_via_app,0.29171520471572876,0.3875,80,0.0
apple_pay_or_google_pay,extra_charge_on_statement,0.1986161470413208,0.6125,80,0.0
apple_pay_or_google_pay,failed_transfer,0.06060187518596649,0.7375,80,0.0
apple_pay_or_google_pay,fiat_currency_support,0.21723274886608124,0.6,80,0.0
apple_pay_or_google_pay,get_disposable_virtual_card,0.07845623791217804,0.6583333333333333,120,0.0
apple_pay_or_google_pay,get_physical_card,0.11840314418077469,0.2875,80,0.0
apple_pay_or_google_pay,getting_spare_card,0.11508449912071228,0.5,80,0.0
apple_pay_or_google_pay,high_value_transfer,0.12962809205055237,0.575,40,0.0
apple_pay_or_google_pay,identity_verification_mobile_number,0.13932862877845764,0.575,40,0.0
apple_pay_or_google_pay,incorrect_currency_received,0.20024320483207703,0.575,40,0.0
apple_pay_or_google_pay,international_fee,0.23241043090820312,0.575,40,0.0
apple_pay_or_google_pay,lost_or_stolen_card,0.1134805977344513,0.5875,80,0.14285714285714285
apple_pay_or_google_pay,lost_or_stolen_phone,0.1403687447309494,0.65,80,0.14285714285714285
apple_pay_or_google_pay,order_physical_card,0.09117916971445084,0.375,80,0.0
apple_pay_or_google_pay,passcode_forgotten,0.03104826621711254,0.7625,80,0.0
apple_pay_or_google_pay,pending_card_payment,0.2676297724246979,0.725,80,0.0
apple_pay_or_google_pay,pending_cash_withdrawal,0.12950938940048218,0.6,80,0.0
apple_pay_or_google_pay,pending_top_up,0.09234000742435455,0.6,80,0.0
apple_pay_or_google_pay,pending_transfer,0.15527676045894623,0.625,80,0.0
apple_pay_or_google_pay,reverted_card_payment,0.2151549756526947,0.65,80,0.0
apple_pay_or_google_pay,supported_cards_and_currencies,0.19998444616794586,0.45,80,0.0
apple_pay_or_google_pay,terminate_account,0.18424752354621887,0.7875,80,0.0
apple_pay_or_google_pay,top_up_by_bank_transfer_charge,0.2471897304058075,0.375,80,0.0
apple_pay_or_google_pay,top_up_by_card_charge,0.2181287407875061,0.5375,80,0.0
apple_pay_or_google_pay,top_up_by_cash_or_cheque,0.3403230905532837,0.65,80,0.1111111111111111
apple_pay_or_google_pay,top_up_failed,-0.029080111533403397,0.6875,80,0.0
apple_pay_or_google_pay,top_up_limits,0.025581397116184235,0.7375,80,0.0
apple_pay_or_google_pay,top_up_reverted,-0.018316974863409996,0.625,80,0.0
apple_pay_or_google_pay,topping_up_by_card,0.08089862763881683,0.2875,80,0.0
apple_pay_or_google_pay,transaction_charged_twice,0.20431748032569885,0.75,80,0.0
apple_pay_or_google_pay,transfer_fee_charged,0.25648269057273865,0.7125,80,0.0
apple_pay_or_google_pay,transfer_into_account,0.25487709045410156,0.65,80,0.0
apple_pay_or_google_pay,transfer_not_received_by_recipient,0.0997987687587738,0.4875,80,0.0
apple_pay_or_google_pay,transfer_timing,0.1146848201751709,0.675,80,0.0
apple_pay_or_google_pay,unable_to_verify_identity,0.0924750491976738,0.475,80,0.0
apple_pay_or_google_pay,verify_my_identity,0.1229463666677475,0.775,80,0.0
apple_pay_or_google_pay,verify_source_of_funds,0.21352265775203705,0.725,80,0.0
apple_pay_or_google_pay,verify_top_up,0.10139615833759308,0.775,80,0.0
apple_pay_or_google_pay,virtual_card_not_working,0.029399145394563675,0.5,80,0.0
apple_pay_or_google_pay,visa_or_mastercard,0.3416268825531006,0.75,80,0.16666666666666666
apple_pay_or_google_pay,why_is_card_on_the_way,0.006113298237323761,0.2875,80,0.0
apple_pay_or_google_pay,wrong_amount_of_cash_received,0.22064197063446045,0.6,80,0.0
apple_pay_or_google_pay,wrong_exchange_rate_for_cash_withdrawal,0.10056906938552856,0.55,80,0.0
apple_pay_or_google_pay,receiving_money,0.3397451937198639,0.4375,80,0.0
atm_support,automatic_top_up,0.15448622405529022,0.75,80,0.0
atm_support,balance_not_updated_after_bank_transfer,0.17823390662670135,0.6,80,0.0
atm_support,balance_not_updated_after_cheque_or_cash_deposit,0.19771113991737366,0.7,80,0.0
atm_support,beneficiary_not_allowed,0.15645627677440643,0.275,160,0.0
atm_support,cancel_transfer,0.2075348198413849,0.7375,80,0.0
atm_support,card_about_to_expire,0.23765996098518372,0.8125,80,0.0
atm_support,card_acceptance,0.3727757930755615,0.55,80,0.0
atm_support,card_arrival,0.30992141366004944,0.6,80,0.0
atm_support,card_delivery_estimate,0.22237828373908997,0.575,80,0.0
atm_support,card_linking,0.3104880452156067,0.675,80,0.0
atm_support,card_not_working,0.2448454350233078,0.85,80,0.0
atm_support,card_payment_fee_charged,0.20464745163917542,0.8125,80,0.0
atm_support,card_payment_not_recognised,0.2989209294319153,0.5875,80,0.0
atm_support,card_payment_wrong_exchange_rate,0.19900117814540863,0.5875,80,0.0
atm_support,card_swallowed,0.2866806089878082,0.5,80,0.0
atm_support,cash_withdrawal_charge,0.29371440410614014,0.8,80,0.0
atm_support,cash_withdrawal_not_recognised,0.32592296600341797,0.425,120,0.0
atm_support,change_pin,0.31312739849090576,0.9,80,0.0
atm_support,compromised_card,0.27073419094085693,0.725,80,0.0
atm_support,contactless_not_working,0.031292542815208435,0.825,80,0.0
atm_support,country_support,0.34927478432655334,0.5875,80,0.3333333333333333
atm_support,declined_card_payment,0.2507447302341461,0.7125,80,0.0
atm_support,declined_cash_withdrawal,0.2870127260684967,0.575,80,0.0
atm_support,declined_transfer,0.14075258374214172,0.725,80,0.0
atm_support,direct_debit_payment_not_recognised,0.25219839811325073,0.6875,80,0.0
atm_support,disposable_card_limits,0.273806095123291,0.825,80,0.0
atm_support,edit_personal_details,0.01856967806816101,0.875,80,0.0
atm_support,exchange_charge,0.17560261487960815,0.5375,80,0.0
atm_support,exchange_rate,0.17080914974212646,0.8875,80,0.0
atm_support,exchange_via_app,0.18011297285556793,0.5,80,0.0
atm_support,extra_charge_on_statement,0.1383606642484665,0.725,80,0.0
atm_support,failed_transfer,0.18598897755146027,0.85,80,0.0
atm_support,fiat_currency_support,0.4815860092639923,0.7125,80,0.25
atm_support,get_disposable_virtual_card,0.1829138845205307,0.7333333333333333,120,0.0
atm_support,get_physical_card,0.2291460484266281,0.4,80,0.0
atm_support,getting_spare_card,0.3040603697299957,0.6125,80,0.0
atm_support,high_value_transfer,0.2392367124557495,0.8,40,0.0
atm_support,identity_verification_mobile_number,0.19100943207740784,0.8,40,0.0
atm_support,incorrect_currency_received,0.1971917450428009,0.8,40,0.0
atm_support,international_fee,0.19976258277893066,0.8,40,0.0
atm_support,lost_or_stolen_card,0.19938650727272034,0.7,80,0.0
atm_support,lost_or_stolen_phone,0.08678370714187622,0.7625,80,0.0
atm_support,order_physical_card,0.19196267426013947,0.4875,80,0.0
atm_support,passcode_forgotten,0.09470946341753006,0.875,80,0.0
atm_support,pending_card_payment,0.3113951086997986,0.8375,80,0.0
atm_support,pending_cash_withdrawal,0.34578898549079895,0.7125,80,0.0
atm_support,pending_top_up,0.24596022069454193,0.7125,80,0.0
atm_support,pending_transfer,0.23260587453842163,0.7375,80,0.0
atm_support,reverted_card_payment,0.24818286299705505,0.7625,80,0.0
atm_support,supported_cards_and_currencies,0.3854748010635376,0.5625,80,0.0
atm_support,terminate_account,0.17992405593395233,0.9,80,0.0
atm_support,top_up_by_bank_transfer_charge,0.257178395986557,0.4875,80,0.0
atm_support,top_up_by_card_charge,0.29170987010002136,0.65,80,0.0
atm_support,top_up_by_cash_or_cheque,0.254802405834198,0.7625,80,0.0
atm_support,top_up_failed,0.14801499247550964,0.8,80,0.0
atm_support,top_up_limits,0.2328377068042755,0.85,80,0.0
atm_support,top_up_reverted,0.12114249169826508,0.7375,80,0.0
atm_support,topping_up_by_card,0.25022822618484497,0.4,80,0.0
atm_support,transaction_charged_twice,0.11655478179454803,0.8625,80,0.0
atm_support,transfer_fee_charged,0.11209940910339355,0.825,80,0.0
atm_support,transfer_into_account,0.259740948677063,0.7625,80,0.0
atm_support,transfer_not_received_by_recipient,0.08650864660739899,0.6,80,0.0
atm_support,transfer_timing,0.1635076254606247,0.7875,80,0.0
atm_support,unable_to_verify_identity,0.16534456610679626,0.5875,80,0.0
atm_support,verify_my_identity,0.21356642246246338,0.8875,80,0.0
atm_support,verify_source_of_funds,0.25461041927337646,0.8375,80,0.0
atm_support,verify_top_up,0.20475706458091736,0.8875,80,0.0
atm_support,virtual_card_not_working,0.15363340079784393,0.6125,80,0.0
atm_support,visa_or_mastercard,0.3260541260242462,0.8625,80,0.0
atm_support,why_is_card_on_the_way,0.273191899061203,0.4,80,0.0
atm_support,wrong_amount_of_cash_received,0.2830733060836792,0.7125,80,0.0
atm_support,wrong_exchange_rate_for_cash_withdrawal,0.22397637367248535,0.6625,80,0.0
atm_support,receiving_money,0.35516777634620667,0.55,80,0.0
automatic_top_up,balance_not_updated_after_bank_transfer,0.013801384717226028,0.55,80,0.0
automatic_top_up,balance_not_updated_after_cheque_or_cash_deposit,-0.013608735054731369,0.65,80,0.0
automatic_top_up,beneficiary_not_allowed,-0.08449412882328033,0.25,160,0.0
automatic_top_up,cancel_transfer,0.05899327993392944,0.6875,80,0.0
automatic_top_up,card_about_to_expire,0.025204099714756012,0.7625,80,0.0
automatic_top_up,card_acceptance,0.0712612047791481,0.5,80,0.0
automatic_top_up,card_arrival,0.13188481330871582,0.55,80,0.0
automatic_top_up,card_delivery_estimate,0.014738161116838455,0.525,80,0.0
automatic_top_up,card_linking,0.16222476959228516,0.625,80,0.0
automatic_top_up,card_not_working,-0.008864916861057281,0.8,80,0.0
automatic_top_up,card_payment_fee_charged,-0.03958228603005409,0.7625,80,0.0
automatic_top_up,card_payment_not_recognised,-0.1205197423696518,0.5375,80,0.0
automatic_top_up,card_payment_wrong_exchange_rate,-0.07459495961666107,0.5375,80,0.0
automatic_top_up,card_swallowed,0.0902235135436058,0.45,80,0.0
automatic_top_up,cash_withdrawal_charge,0.007410794496536255,0.75,80,0.0
automatic_top_up,cash_withdrawal_not_recognised,-0.048873864114284515,0.39166666666666666,120,0.0
automatic_top_up,change_pin,0.1026293933391571,0.85,80,0.0
automatic_top_up,compromised_card,0.011962504126131535,0.675,80,0.0
automatic_top_up,contactless_not_working,0.028296444565057755,0.775,80,0.0
automatic_top_up,country_support,0.06043325364589691,0.5375,80,0.0
automatic_top_up,declined_card_payment,-0.12638601660728455,0.6625,80,0.0
automatic_top_up,declined_cash_withdrawal,-0.04980222135782242,0.525,80,0.0
automatic_top_up,declined_transfer,-0.056438036262989044,0.675,80,0.0
automatic_top_up,direct_debit_payment_not_recognised,-0.10177413374185562,0.6375,80,0.0
automatic_top_up,disposable_card_limits,-0.009418338537216187,0.775,80,0.0
automatic_top_up,edit_personal_details,0.02344607561826706,0.825,80,0.0
automatic_top_up,exchange_charge,0.027248531579971313,0.4875,80,0.0
automatic_top_up,exchange_rate,0.0023156479001045227,0.8375,80,0.0
automatic_top_up,exchange_via_app,0.053142890334129333,0.45,80,0.0
automatic_top_up,extra_charge_on_statement,0.04238839074969292,0.675,80,0.0
automatic_top_up,failed_transfer,-0.026168975979089737,0.8,80,0.0
automatic_top_up,fiat_currency_support,0.03754696249961853,0.6625,80,0.0
automatic_top_up,get_disposable_virtual_card,0.0012045782059431076,0.7,120,0.0
automatic_top_up,get_physical_card,-0.012654267251491547,0.35,80,0.0
automatic_top_up,getting_spare_card,0.023615119978785515,0.5625,80,0.0
automatic_top_up,high_value_transfer,0.19052112102508545,0.7,40,0.0
automatic_top_up,identity_verification_mobile_number,0.024562891572713852,0.7,40,0.0
automatic_top_up,incorrect_currency_received,-0.059821002185344696,0.7,40,0.0
automatic_top_up,international_fee,-0.017486926168203354,0.7,40,0.0
automatic_top_up,lost_or_stolen_card,-0.10297442227602005,0.65,80,0.0
automatic_top_up,lost_or_stolen_phone,-0.09153777360916138,0.7125,80,0.0
automatic_top_up,order_physical_card,0.02739570289850235,0.4375,80,0.0
automatic_top_up,passcode_forgotten,-0.050407689064741135,0.825,80,0.0
automatic_top_up,pending_card_payment,-0.017163110896945,0.7875,80,0.0
automatic_top_up,pending_cash_withdrawal,0.04888639599084854,0.6625,80,0.0
automatic_top_up,pending_top_up,0.5968164205551147,0.6625,80,0.5
automatic_top_up,pending_transfer,0.05136551707983017,0.6875,80,0.0
automatic_top_up,reverted_card_payment,-0.08560113608837128,0.7125,80,0.0
automatic_top_up,supported_cards_and_currencies,-0.06343436241149902,0.5125,80,0.0
automatic_top_up,terminate_account,0.06925343722105026,0.85,80,0.0
automatic_top_up,top_up_by_bank_transfer_charge,0.44533365964889526,0.4375,80,0.2857142857142857
automatic_top_up,top_up_by_card_charge,0.5714169144630432,0.6,80,0.3333333333333333
automatic_top_up,top_up_by_cash_or_cheque,0.48333173990249634,0.7125,80,0.2857142857142857
automatic_top_up,top_up_failed,0.665161669254303,0.75,80,0.5
automatic_top_up,top_up_limits,0.4540879726409912,0.8,80,0.5
automatic_top_up,top_up_reverted,0.6610004901885986,0.6875,80,0.5
automatic_top_up,topping_up_by_card,0.3989448845386505,0.35,80,0.16666666666666666
automatic_top_up,transaction_charged_twice,0.014922427013516426,0.8125,80,0.0
automatic_top_up,transfer_fee_charged,-0.011757969856262207,0.775,80,0.0
automatic_top_up,transfer_into_account,0.06539598852396011,0.7125,80,0.0
automatic_top_up,transfer_not_received_by_recipient,-0.05825699120759964,0.55,80,0.0
automatic_top_up,transfer_timing,0.09614256024360657,0.7375,80,0.0
automatic_top_up,unable_to_verify_identity,-0.08848224580287933,0.5375,80,0.0
automatic_top_up,verify_my_identity,-0.0278437789529562,0.8375,80,0.0
automatic_top_up,verify_source_of_funds,0.0011949539184570312,0.7875,80,0.0
automatic_top_up,verify_top_up,0.6713359355926514,0.8375,80,0.5
automatic_top_up,virtual_card_not_working,-0.032563742250204086,0.5625,80,0.0
automatic_top_up,visa_or_mastercard,0.004459146410226822,0.8125,80,0.0
automatic_top_up,why_is_card_on_the_way,0.17910197377204895,0.35,80,0.0
automatic_top_up,wrong_amount_of_cash_received,-0.05420433357357979,0.6625,80,0.0
automatic_top_up,wrong_exchange_rate_for_cash_withdrawal,-0.05120796337723732,0.6125,80,0.0
automatic_top_up,receiving_money,0.08058535307645798,0.5,80,0.0
balance_not_updated_after_bank_transfer,balance_not_updated_after_cheque_or_cash_deposit,0.7613723874092102,0.5,80,0.4
balance_not_updated_after_bank_transfer,beneficiary_not_allowed,0.13619869947433472,0.175,160,0.125
balance_not_updated_after_bank_transfer,cancel_transfer,0.3983970284461975,0.5375,80,0.14285714285714285
balance_not_updated_after_bank_transfer,card_about_to_expire,0.1552165001630783,0.6125,80,0.0
balance_not_updated_after_bank_transfer,card_acceptance,0.20282498002052307,0.35,80,0.0
balance_not_updated_after_bank_transfer,card_arrival,0.19157090783119202,0.4,80,0.0
balance_not_updated_after_bank_transfer,card_delivery_estimate,0.11933520436286926,0.375,80,0.0
balance_not_updated_after_bank_transfer,card_linking,0.09674908220767975,0.475,80,0.0
balance_not_updated_after_bank_transfer,card_not_working,0.2712315320968628,0.65,80,0.125
balance_not_updated_after_bank_transfer,card_payment_fee_charged,0.25464457273483276,0.6125,80,0.0
balance_not_updated_after_bank_transfer,card_payment_not_recognised,0.40527790784835815,0.3875,80,0.1111111111111111
balance_not_updated_after_bank_transfer,card_payment_wrong_exchange_rate,0.398929625749588,0.3875,80,0.0
balance_not_updated_after_bank_transfer,card_swallowed,0.09267453104257584,0.3,80,0.0
balance_not_updated_after_bank_transfer,cash_withdrawal_charge,0.28232935070991516,0.6,80,0.0
balance_not_updated_after_bank_transfer,cash_withdrawal_not_recognised,0.4046678841114044,0.2916666666666667,120,0.1111111111111111
balance_not_updated_after_bank_transfer,change_pin,0.12867912650108337,0.7,80,0.0
balance_not_updated_after_bank_transfer,compromised_card,0.2176523506641388,0.525,80,0.0
balance_not_updated_after_bank_transfer,contactless_not_working,0.10669101774692535,0.625,80,0.125
balance_not_updated_after_bank_transfer,country_support,-0.019672803580760956,0.3875,80,0.0
balance_not_updated_after_bank_transfer,declined_card_payment,0.1997428834438324,0.5125,80,0.0
balance_not_updated_after_bank_transfer,declined_cash_withdrawal,0.21541114151477814,0.375,80,0.0
balance_not_updated_after_bank_transfer,declined_transfer,0.2751098871231079,0.525,80,0.14285714285714285
balance_not_updated_after_bank_transfer,direct_debit_payment_not_recognised,0.33098745346069336,0.4875,80,0.1
balance_not_updated_after_bank_transfer,disposable_card_limits,-0.010583959519863129,0.625,80,0.0
balance_not_updated_after_bank_transfer,edit_personal_details,0.06739223003387451,0.675,80,0.0
balance_not_updated_after_bank_transfer,exchange_charge,0.26133278012275696,0.3375,80,0.0
balance_not_updated_after_bank_transfer,exchange_rate,0.24222248792648315,0.6875,80,0.0
balance_not_updated_after_bank_transfer,exchange_via_app,0.13341078162193298,0.3,80,0.0
balance_not_updated_after_bank_transfer,extra_charge_on_statement,0.22011062502861023,0.525,80,0.0
balance_not_updated_after_bank_transfer,failed_transfer,0.3574979901313782,0.65,80,0.14285714285714285
balance_not_updated_after_bank_transfer,fiat_currency_support,0.1832464337348938,0.5125,80,0.0
balance_not_updated_after_bank_transfer,get_disposable_virtual_card,-0.036152396351099014,0.6,120,0.0
balance_not_updated_after_bank_transfer,get_physical_card,0.07977992296218872,0.2,80,0.0
balance_not_updated_after_bank_transfer,getting_spare_card,0.13133302330970764,0.4125,80,0.0
balance_not_updated_after_bank_transfer,high_value_transfer,0.25550660490989685,0.4,40,0.125
balance_not_updated_after_bank_transfer,identity_verification_mobile_number,0.1472833901643753,0.4,40,0.0
balance_not_updated_after_bank_transfer,incorrect_currency_received,0.4720519781112671,0.4,40,0.0
balance_not_updated_after_bank_transfer,international_fee,0.10205043107271194,0.4,40,0.0
balance_not_updated_after_bank_transfer,lost_or_stolen_card,0.16740721464157104,0.5,80,0.0
balance_not_updated_after_bank_transfer,lost_or_stolen_phone,0.08500783145427704,0.5625,80,0.0
balance_not_updated_after_bank_transfer,order_physical_card,0.11256596446037292,0.2875,80,0.0
balance_not_updated_after_bank_transfer,passcode_forgotten,0.13258258998394012,0.675,80,0.0
balance_not_updated_after_bank_transfer,pending_card_payment,0.31478720903396606,0.6375,80,0.0
balance_not_updated_after_bank_transfer,pending_cash_withdrawal,0.3000609874725342,0.5125,80,0.0
balance_not_updated_after_bank_transfer,pending_top_up,0.1046668291091919,0.5125,80,0.0
balance_not_updated_after_bank_transfer,pending_transfer,0.39835456013679504,0.5375,80,0.14285714285714285
balance_not_updated_after_bank_transfer,reverted_card_payment,0.39755767583847046,0.5625,80,0.0
balance_not_updated_after_bank_transfer,supported_cards_and_currencies,0.12186428904533386,0.3625,80,0.0
balance_not_updated_after_bank_transfer,terminate_account,0.19373290240764618,0.7,80,0.0
balance_not_updated_after_bank_transfer,top_up_by_bank_transfer_charge,0.46960800886154175,0.2875,80,0.2
balance_not_updated_after_bank_transfer,top_up_by_card_charge,0.14907397329807281,0.45,80,0.0
balance_not_updated_after_bank_transfer,top_up_by_cash_or_cheque,0.19318026304244995,0.5625,80,0.0
balance_not_updated_after_bank_transfer,top_up_failed,0.06715191900730133,0.6,80,0.0
balance_not_updated_after_bank_transfer,top_up_limits,-0.03208058327436447,0.65,80,0.0
balance_not_updated_after_bank_transfer,top_up_reverted,0.17975369095802307,0.5375,80,0.0
balance_not_updated_after_bank_transfer,topping_up_by_card,0.10586466640233994,0.2,80,0.0
balance_not_updated_after_bank_transfer,transaction_charged_twice,0.3212907016277313,0.6625,80,0.0
balance_not_updated_after_bank_transfer,transfer_fee_charged,0.38103920221328735,0.625,80,0.125
balance_not_updated_after_bank_transfer,transfer_into_account,0.43034589290618896,0.5625,80,0.125
balance_not_updated_after_bank_transfer,transfer_not_received_by_recipient,0.5005462765693665,0.4,80,0.2222222222222222
balance_not_updated_after_bank_transfer,transfer_timing,0.3098267614841461,0.5875,80,0.14285714285714285
balance_not_updated_after_bank_transfer,unable_to_verify_identity,0.22700409591197968,0.3875,80,0.0
balance_not_updated_after_bank_transfer,verify_my_identity,0.19095556437969208,0.6875,80,0.0
balance_not_updated_after_bank_transfer,verify_source_of_funds,0.24425378441810608,0.6375,80,0.0
balance_not_updated_after_bank_transfer,verify_top_up,0.09662474691867828,0.6875,80,0.0
balance_not_updated_after_bank_transfer,virtual_card_not_working,0.17995235323905945,0.4125,80,0.1111111111111111
balance_not_updated_after_bank_transfer,visa_or_mastercard,0.14438821375370026,0.6625,80,0.0
balance_not_updated_after_bank_transfer,why_is_card_on_the_way,0.16399481892585754,0.2,80,0.0
balance_not_updated_after_bank_transfer,wrong_amount_of_cash_received,0.4675576686859131,0.5125,80,0.0
balance_not_updated_after_bank_transfer,wrong_exchange_rate_for_cash_withdrawal,0.3480502665042877,0.4625,80,0.0
balance_not_updated_after_bank_transfer,receiving_money,0.3232596516609192,0.35,80,0.0
balance_not_updated_after_cheque_or_cash_deposit,beneficiary_not_allowed,0.1641729474067688,0.225,160,0.1
balance_not_updated_after_cheque_or_cash_deposit,cancel_transfer,0.19856694340705872,0.6375,80,0.0
balance_not_updated_after_cheque_or_cash_deposit,card_about_to_expire,0.18796300888061523,0.7125,80,0.0
balance_not_updated_after_cheque_or_cash_deposit,card_acceptance,0.17802631855010986,0.45,80,0.0
balance_not_updated_after_cheque_or_cash_deposit,card_arrival,0.15270936489105225,0.5,80,0.0
balance_not_updated_after_cheque_or_cash_deposit,card_delivery_estimate,0.08115750551223755,0.475,80,0.0
balance_not_updated_after_cheque_or_cash_deposit,card_linking,0.08781630545854568,0.575,80,0.0
balance_not_updated_after_cheque_or_cash_deposit,card_not_working,0.2544630169868469,0.75,80,0.1
balance_not_updated_after_cheque_or_cash_deposit,card_payment_fee_charged,0.27029556035995483,0.7125,80,0.0
balance_not_updated_after_cheque_or_cash_deposit,card_payment_not_recognised,0.4266125559806824,0.4875,80,0.09090909090909091
balance_not_updated_after_cheque_or_cash_deposit,card_payment_wrong_exchange_rate,0.32968342304229736,0.4875,80,0.0
balance_not_updated_after_cheque_or_cash_deposit,card_swallowed,0.09629262983798981,0.4,80,0.0
balance_not_updated_after_cheque_or_cash_deposit,cash_withdrawal_charge,0.4131513833999634,0.7,80,0.1
balance_not_updated_after_cheque_or_cash_deposit,cash_withdrawal_not_recognised,0.4997456669807434,0.35833333333333334,120,0.2
balance_not_updated_after_cheque_or_cash_deposit,change_pin,0.15961724519729614,0.8,80,0.0
balance_not_updated_after_cheque_or_cash_deposit,compromised_card,0.22269466519355774,0.625,80,0.0
balance_not_updated_after_cheque_or_cash_deposit,contactless_not_working,0.018818365409970284,0.725,80,0.1
balance_not_updated_after_cheque_or_cash_deposit,country_support,-0.023084303364157677,0.4875,80,0.0
balance_not_updated_after_cheque_or_cash_deposit,declined_card_payment,0.238316148519516,0.6125,80,0.0
balance_not_updated_after_cheque_or_cash_deposit,declined_cash_withdrawal,0.3116123676300049,0.475,80,0.1
balance_not_updated_after_cheque_or_cash_deposit,declined_transfer,0.12196429818868637,0.625,80,0.0
balance_not_updated_after_cheque_or_cash_deposit,direct_debit_payment_not_recognised,0.3231871426105499,0.5875,80,0.08333333333333333
balance_not_updated_after_cheque_or_cash_deposit,disposable_card_limits,0.043040867894887924,0.725,80,0.0
balance_not_updated_after_cheque_or_cash_deposit,edit_personal_details,0.06566610932350159,0.775,80,0.0
balance_not_updated_after_cheque_or_cash_deposit,exchange_charge,0.19650283455848694,0.4375,80,0.0
balance_not_updated_after_cheque_or_cash_deposit,exchange_rate,0.11660149693489075,0.7875,80,0.0
balance_not_updated_after_cheque_or_cash_deposit,exchange_via_app,0.06464014947414398,0.4,80,0.0
balance_not_updated_after_cheque_or_cash_deposit,extra_charge_on_statement,0.24873581528663635,0.625,80,0.0
balance_not_updated_after_cheque_or_cash_deposit,failed_transfer,0.18677853047847748,0.75,80,0.0
balance_not_updated_after_cheque_or_cash_deposit,fiat_currency_support,0.15890595316886902,0.6125,80,0.0
balance_not_updated_after_cheque_or_cash_deposit,get_disposable_virtual_card,-0.006024586968123913,0.6666666666666666,120,0.0
balance_not_updated_after_cheque_or_cash_deposit,get_physical_card,0.04020444303750992,0.3,80,0.0
balance_not_updated_after_cheque_or_cash_deposit,getting_spare_card,0.14140918850898743,0.5125,80,0.0
balance_not_updated_after_cheque_or_cash_deposit,high_value_transfer,0.11383850872516632,0.6,40,0.0
balance_not_updated_after_cheque_or_cash_deposit,identity_verification_mobile_number,0.15389202535152435,0.6,40,0.0
balance_not_updated_after_cheque_or_cash_deposit,incorrect_currency_received,0.3829295039176941,0.6,40,0.0
balance_not_updated_after_cheque_or_cash_deposit,international_fee,0.05809313431382179,0.6,40,0.0
balance_not_updated_after_cheque_or_cash_deposit,lost_or_stolen_card,0.13660113513469696,0.6,80,0.09090909090909091
balance_not_updated_after_cheque_or_cash_deposit,lost_or_stolen_phone,0.04866907000541687,0.6625,80,0.09090909090909091
balance_not_updated_after_cheque_or_cash_deposit,order_physical_card,0.10695282369852066,0.3875,80,0.0
balance_not_updated_after_cheque_or_cash_deposit,passcode_forgotten,0.09719906747341156,0.775,80,0.0
balance_not_updated_after_cheque_or_cash_deposit,pending_card_payment,0.3371780812740326,0.7375,80,0.0
balance_not_updated_after_cheque_or_cash_deposit,pending_cash_withdrawal,0.408189594745636,0.6125,80,0.1
balance_not_updated_after_cheque_or_cash_deposit,pending_top_up,0.0838235542178154,0.6125,80,0.0
balance_not_updated_after_cheque_or_cash_deposit,pending_transfer,0.232126384973526,0.6375,80,0.0
balance_not_updated_after_cheque_or_cash_deposit,reverted_card_payment,0.4174683690071106,0.6625,80,0.0
balance_not_updated_after_cheque_or_cash_deposit,supported_cards_and_currencies,0.12346712499856949,0.4625,80,0.0
balance_not_updated_after_cheque_or_cash_deposit,terminate_account,0.15579953789710999,0.8,80,0.0
balance_not_updated_after_cheque_or_cash_deposit,top_up_by_bank_transfer_charge,0.29577600955963135,0.3875,80,0.0
balance_not_updated_after_cheque_or_cash_deposit,top_up_by_card_charge,0.15906506776809692,0.55,80,0.0
balance_not_updated_after_cheque_or_cash_deposit,top_up_by_cash_or_cheque,0.4041737914085388,0.6625,80,0.2727272727272727
balance_not_updated_after_cheque_or_cash_deposit,top_up_failed,0.021172460168600082,0.7,80,0.0
balance_not_updated_after_cheque_or_cash_deposit,top_up_limits,-0.06753012537956238,0.75,80,0.0
balance_not_updated_after_cheque_or_cash_deposit,top_up_reverted,0.1345842480659485,0.6375,80,0.0
balance_not_updated_after_cheque_or_cash_deposit,topping_up_by_card,0.10635299980640411,0.3,80,0.0
balance_not_updated_after_cheque_or_cash_deposit,transaction_charged_twice,0.27928563952445984,0.7625,80,0.0
balance_not_updated_after_cheque_or_cash_deposit,transfer_fee_charged,0.2151915729045868,0.725,80,0.0
balance_not_updated_after_cheque_or_cash_deposit,transfer_into_account,0.2700090706348419,0.6625,80,0.0
balance_not_updated_after_cheque_or_cash_deposit,transfer_not_received_by_recipient,0.26630309224128723,0.5,80,0.08333333333333333
balance_not_updated_after_cheque_or_cash_deposit,transfer_timing,0.13226908445358276,0.6875,80,0.0
balance_not_updated_after_cheque_or_cash_deposit,unable_to_verify_identity,0.252437949180603,0.4875,80,0.0
balance_not_updated_after_cheque_or_cash_deposit,verify_my_identity,0.1800568401813507,0.7875,80,0.0
balance_not_updated_after_cheque_or_cash_deposit,verify_source_of_funds,0.32068270444869995,0.7375,80,0.0
balance_not_updated_after_cheque_or_cash_deposit,verify_top_up,0.07640823721885681,0.7875,80,0.0
balance_not_updated_after_cheque_or_cash_deposit,virtual_card_not_working,0.1807742416858673,0.5125,80,0.09090909090909091
balance_not_updated_after_cheque_or_cash_deposit,visa_or_mastercard,0.1249912902712822,0.7625,80,0.1
balance_not_updated_after_cheque_or_cash_deposit,why_is_card_on_the_way,0.16409392654895782,0.3,80,0.0
balance_not_updated_after_cheque_or_cash_deposit,wrong_amount_of_cash_received,0.5531236529350281,0.6125,80,0.08333333333333333
balance_not_updated_after_cheque_or_cash_deposit,wrong_exchange_rate_for_cash_withdrawal,0.3545631170272827,0.5625,80,0.07692307692307693
balance_not_updated_after_cheque_or_cash_deposit,receiving_money,0.2642917037010193,0.45,80,0.0
beneficiary_not_allowed,cancel_transfer,0.14354181289672852,0.24375,160,0.0
beneficiary_not_allowed,card_about_to_expire,0.13671323657035828,0.28125,160,0.0
beneficiary_not_allowed,card_acceptance,0.21630549430847168,0.15,160,0.0
beneficiary_not_allowed,card_arrival,0.095528244972229,0.175,160,0.0
beneficiary_not_allowed,card_delivery_estimate,0.07086849957704544,0.1625,160,0.0
beneficiary_not_allowed,card_linking,0.1348554491996765,0.2125,160,0.0
beneficiary_not_allowed,card_not_working,0.22345611453056335,0.3,160,0.2
beneficiary_not_allowed,card_payment_fee_charged,0.13329266011714935,0.28125,160,0.0
beneficiary_not_allowed,card_payment_not_recognised,0.25289350748062134,0.16875,160,0.16666666666666666
beneficiary_not_allowed,card_payment_wrong_exchange_rate,0.11882242560386658,0.16875,160,0.0
beneficiary_not_allowed,card_swallowed,0.07756300270557404,0.125,160,0.0
beneficiary_not_allowed,cash_withdrawal_charge,0.16394123435020447,0.275,160,0.0
beneficiary_not_allowed,cash_withdrawal_not_recognised,0.2930680513381958,0.155,200,0.16666666666666666
beneficiary_not_allowed,change_pin,0.06962131708860397,0.325,160,0.0
beneficiary_not_allowed,compromised_card,0.17919853329658508,0.2375,160,0.0
beneficiary_not_allowed,contactless_not_working,0.10432924330234528,0.2875,160,0.2
beneficiary_not_allowed,country_support,0.11929844319820404,0.16875,160,0.0
beneficiary_not_allowed,declined_card_payment,0.2550508975982666,0.23125,160,0.0
beneficiary_not_allowed,declined_cash_withdrawal,0.24803948402404785,0.1625,160,0.0
beneficiary_not_allowed,declined_transfer,0.21749824285507202,0.2375,160,0.0
beneficiary_not_allowed,direct_debit_payment_not_recognised,0.3117499053478241,0.21875,160,0.14285714285714285
beneficiary_not_allowed,disposable_card_limits,0.24352213740348816,0.2875,160,0.0
beneficiary_not_allowed,edit_personal_details,0.15256723761558533,0.3125,160,0.0
beneficiary_not_allowed,exchange_charge,0.07571284472942352,0.14375,160,0.0
beneficiary_not_allowed,exchange_rate,-0.044824711978435516,0.31875,160,0.0
beneficiary_not_allowed,exchange_via_app,0.10173095762729645,0.125,160,0.0
beneficiary_not_allowed,extra_charge_on_statement,0.12834259867668152,0.2375,160,0.0
beneficiary_not_allowed,failed_transfer,0.20822468400001526,0.3,160,0.0
beneficiary_not_allowed,fiat_currency_support,0.08862863481044769,0.23125,160,0.0
beneficiary_not_allowed,get_disposable_virtual_card,0.055611446499824524,0.34,200,0.0
beneficiary_not_allowed,get_physical_card,0.07700084149837494,0.075,160,0.0
beneficiary_not_allowed,getting_spare_card,0.1148311197757721,0.18125,160,0.0
beneficiary_not_allowed,high_value_transfer,0.05546126514673233,0.1,120,0.0
beneficiary_not_allowed,identity_verification_mobile_number,0.09310886263847351,0.1,120,0.0
beneficiary_not_allowed,incorrect_currency_received,0.1516096591949463,0.1,120,0.0
beneficiary_not_allowed,international_fee,0.019980821758508682,0.1,120,0.0
beneficiary_not_allowed,lost_or_stolen_card,0.1054769903421402,0.225,160,0.0
beneficiary_not_allowed,lost_or_stolen_phone,0.025591809302568436,0.25625,160,0.0
beneficiary_not_allowed,order_physical_card,0.14120426774024963,0.11875,160,0.0
beneficiary_not_allowed,passcode_forgotten,0.04845745116472244,0.3125,160,0.0
beneficiary_not_allowed,pending_card_payment,0.16428890824317932,0.29375,160,0.0
beneficiary_not_allowed,pending_cash_withdrawal,0.19263333082199097,0.23125,160,0.0
beneficiary_not_allowed,pending_top_up,0.05731678754091263,0.23125,160,0.0
beneficiary_not_allowed,pending_transfer,0.11945649236440659,0.24375,160,0.0
beneficiary_not_allowed,reverted_card_payment,0.23090168833732605,0.25625,160,0.0
beneficiary_not_allowed,supported_cards_and_currencies,0.1440340280532837,0.15625,160,0.0
beneficiary_not_allowed,terminate_account,0.16128671169281006,0.325,160,0.0
beneficiary_not_allowed,top_up_by_bank_transfer_charge,0.08727949857711792,0.11875,160,0.0
beneficiary_not_allowed,top_up_by_card_charge,0.047056421637535095,0.2,160,0.0
beneficiary_not_allowed,top_up_by_cash_or_cheque,0.06615370512008667,0.25625,160,0.0
beneficiary_not_allowed,top_up_failed,0.10257310420274734,0.275,160,0.0
beneficiary_not_allowed,top_up_limits,0.11233416199684143,0.3,160,0.0
beneficiary_not_allowed,top_up_reverted,0.05502399057149887,0.24375,160,0.0
beneficiary_not_allowed,topping_up_by_card,0.05542898550629616,0.075,160,0.0
beneficiary_not_allowed,transaction_charged_twice,0.16258873045444489,0.30625,160,0.0
beneficiary_not_allowed,transfer_fee_charged,0.11117401719093323,0.2875,160,0.0
beneficiary_not_allowed,transfer_into_account,0.15803253650665283,0.25625,160,0.0
beneficiary_not_allowed,transfer_not_received_by_recipient,0.27811092138290405,0.175,160,0.14285714285714285
beneficiary_not_allowed,transfer_timing,-0.024904167279601097,0.26875,160,0.0
beneficiary_not_allowed,unable_to_verify_identity,0.257091224193573,0.16875,160,0.0
beneficiary_not_allowed,verify_my_identity,0.16326791048049927,0.31875,160,0.0
beneficiary_not_allowed,verify_source_of_funds,0.170425146818161,0.29375,160,0.0
beneficiary_not_allowed,verify_top_up,0.02688763104379177,0.31875,160,0.0
beneficiary_not_allowed,virtual_card_not_working,0.15807311236858368,0.18125,160,0.16666666666666666
beneficiary_not_allowed,visa_or_mastercard,0.12288941442966461,0.30625,160,0.0
beneficiary_not_allowed,why_is_card_on_the_way,0.15884317457675934,0.075,160,0.0
beneficiary_not_allowed,wrong_amount_of_cash_received,0.2339148074388504,0.23125,160,0.0
beneficiary_not_allowed,wrong_exchange_rate_for_cash_withdrawal,0.13937383890151978,0.20625,160,0.0
beneficiary_not_allowed,receiving_money,0.25162380933761597,0.15,160,0.0
cancel_transfer,card_about_to_expire,0.16079123318195343,0.75,80,0.0
cancel_transfer,card_acceptance,0.2814590334892273,0.4875,80,0.0
cancel_transfer,card_arrival,0.1894516944885254,0.5375,80,0.0
cancel_transfer,card_delivery_estimate,0.12231959402561188,0.5125,80,0.0
cancel_transfer,card_linking,0.1461208015680313,0.6125,80,0.0
cancel_transfer,card_not_working,0.08451084047555923,0.7875,80,0.0
cancel_transfer,card_payment_fee_charged,0.22100895643234253,0.75,80,0.0
cancel_transfer,card_payment_not_recognised,0.1953245997428894,0.525,80,0.0
cancel_transfer,card_payment_wrong_exchange_rate,0.2888360619544983,0.525,80,0.0
cancel_transfer,card_swallowed,0.078620545566082,0.4375,80,0.0
cancel_transfer,cash_withdrawal_charge,0.3524133563041687,0.7375,80,0.0
cancel_transfer,cash_withdrawal_not_recognised,0.3154451251029968,0.38333333333333336,120,0.0
cancel_transfer,change_pin,0.15259039402008057,0.8375,80,0.0
cancel_transfer,compromised_card,0.2323063611984253,0.6625,80,0.0
cancel_transfer,contactless_not_working,0.12188359349966049,0.7625,80,0.0
cancel_transfer,country_support,0.05272909253835678,0.525,80,0.0
cancel_transfer,declined_card_payment,0.3373458683490753,0.65,80,0.0
cancel_transfer,declined_cash_withdrawal,0.4070746898651123,0.5125,80,0.0
cancel_transfer,declined_transfer,0.6643069386482239,0.6625,80,0.3333333333333333
cancel_transfer,direct_debit_payment_not_recognised,0.231173574924469,0.625,80,0.0
cancel_transfer,disposable_card_limits,0.07274229824542999,0.7625,80,0.0
cancel_transfer,edit_personal_details,0.11678805947303772,0.8125,80,0.0
cancel_transfer,exchange_charge,0.3862798511981964,0.475,80,0.0
cancel_transfer,exchange_rate,0.23987197875976562,0.825,80,0.0
cancel_transfer,exchange_via_app,0.22228075563907623,0.4375,80,0.0
cancel_transfer,extra_charge_on_statement,0.21654720604419708,0.6625,80,0.0
cancel_transfer,failed_transfer,0.6274418830871582,0.7875,80,0.3333333333333333
cancel_transfer,fiat_currency_support,0.09217798709869385,0.65,80,0.0
cancel_transfer,get_disposable_virtual_card,0.06545411795377731,0.6916666666666667,120,0.0
cancel_transfer,get_physical_card,0.07611937075853348,0.3375,80,0.0
cancel_transfer,getting_spare_card,0.11246460676193237,0.55,80,0.0
cancel_transfer,high_value_transfer,0.47459375858306885,0.675,40,0.25
cancel_transfer,identity_verification_mobile_number,0.20059004426002502,0.675,40,0.0
cancel_transfer,incorrect_currency_received,0.3238196074962616,0.675,40,0.0
cancel_transfer,international_fee,0.22372986376285553,0.675,40,0.0
cancel_transfer,lost_or_stolen_card,0.2221928983926773,0.6375,80,0.0
cancel_transfer,lost_or_stolen_phone,0.14542104303836823,0.7,80,0.0
cancel_transfer,order_physical_card,0.12924452126026154,0.425,80,0.0
cancel_transfer,passcode_forgotten,0.14905498921871185,0.8125,80,0.0
cancel_transfer,pending_card_payment,0.31352537870407104,0.775,80,0.0
cancel_transfer,pending_cash_withdrawal,0.3613205552101135,0.65,80,0.0
cancel_transfer,pending_top_up,0.16569560766220093,0.65,80,0.0
cancel_transfer,pending_transfer,0.6640956401824951,0.675,80,0.3333333333333333
cancel_transfer,reverted_card_payment,0.4161323606967926,0.7,80,0.0
cancel_transfer,supported_cards_and_currencies,0.02292095124721527,0.5,80,0.0
cancel_transfer,terminate_account,0.49174103140830994,0.8375,80,0.0
cancel_transfer,top_up_by_bank_transfer_charge,0.3703088164329529,0.425,80,0.14285714285714285
cancel_transfer,top_up_by_card_charge,0.14729805290699005,0.5875,80,0.0
cancel_transfer,top_up_by_cash_or_cheque,0.1312689185142517,0.7,80,0.0
cancel_transfer,top_up_failed,0.059342022985219955,0.7375,80,0.0
cancel_transfer,top_up_limits,0.04213636368513107,0.7875,80,0.0
cancel_transfer,top_up_reverted,0.1482160985469818,0.675,80,0.0
cancel_transfer,topping_up_by_card,0.08070175349712372,0.3375,80,0.0
cancel_transfer,transaction_charged_twice,0.3417133688926697,0.8,80,0.0
cancel_transfer,transfer_fee_charged,0.5553133487701416,0.7625,80,0.25
cancel_transfer,transfer_into_account,0.5245125889778137,0.7,80,0.25
cancel_transfer,transfer_not_received_by_recipient,0.5479539036750793,0.5375,80,0.16666666666666666
cancel_transfer,transfer_timing,0.4996672570705414,0.725,80,0.3333333333333333
cancel_transfer,unable_to_verify_identity,0.15904951095581055,0.525,80,0.0
cancel_transfer,verify_my_identity,0.20929600298404694,0.825,80,0.0
cancel_transfer,verify_source_of_funds,0.14116662740707397,0.775,80,0.0
cancel_transfer,verify_top_up,0.1023314967751503,0.825,80,0.0
cancel_transfer,virtual_card_not_working,-0.009653856977820396,0.55,80,0.0
cancel_transfer,visa_or_mastercard,0.18667180836200714,0.8,80,0.0
cancel_transfer,why_is_card_on_the_way,0.07748018950223923,0.3375,80,0.0
cancel_transfer,wrong_amount_of_cash_received,0.29294368624687195,0.65,80,0.0
cancel_transfer,wrong_exchange_rate_for_cash_withdrawal,0.3140508532524109,0.6,80,0.0
cancel_transfer,receiving_money,0.34400463104248047,0.4875,80,0.0
card_about_to_expire,card_acceptance,0.5233319997787476,0.5625,80,0.2
card_about_to_expire,card_arrival,0.6066187620162964,0.6125,80,0.2
card_about_to_expire,card_delivery_estimate,0.5062544941902161,0.5875,80,0.16666666666666666
card_about_to_expire,card_linking,0.48161250352859497,0.6875,80,0.2
card_about_to_expire,card_not_working,0.5786396265029907,0.8625,80,0.16666666666666666
card_about_to_expire,card_payment_fee_charged,0.4604036211967468,0.825,80,0.14285714285714285
card_about_to_expire,card_payment_not_recognised,0.46041953563690186,0.6,80,0.14285714285714285
card_about_to_expire,card_payment_wrong_exchange_rate,0.43206167221069336,0.6,80,0.125
card_about_to_expire,card_swallowed,0.4481421113014221,0.5125,80,0.2
card_about_to_expire,cash_withdrawal_charge,0.20990979671478271,0.8125,80,0.0
card_about_to_expire,cash_withdrawal_not_recognised,0.19527147710323334,0.43333333333333335,120,0.0
card_about_to_expire,change_pin,0.22722239792346954,0.9125,80,0.0
card_about_to_expire,compromised_card,0.5666857957839966,0.7375,80,0.2
card_about_to_expire,contactless_not_working,0.009694769978523254,0.8375,80,0.0
card_about_to_expire,country_support,0.0698060542345047,0.6,80,0.0
card_about_to_expire,declined_card_payment,0.39892154932022095,0.725,80,0.16666666666666666
card_about_to_expire,declined_cash_withdrawal,0.1568041890859604,0.5875,80,0.0
card_about_to_expire,declined_transfer,0.07873150706291199,0.7375,80,0.0
card_about_to_expire,direct_debit_payment_not_recognised,0.1491961032152176,0.7,80,0.0
card_about_to_expire,disposable_card_limits,0.5284920930862427,0.8375,80,0.16666666666666666
card_about_to_expire,edit_personal_details,0.0639893114566803,0.8875,80,0.0
card_about_to_expire,exchange_charge,0.20517399907112122,0.55,80,0.0
card_about_to_expire,exchange_rate,0.13475432991981506,0.9,80,0.0
card_about_to_expire,exchange_via_app,0.10501386225223541,0.5125,80,0.0
card_about_to_expire,extra_charge_on_statement,0.20227181911468506,0.7375,80,0.0
card_about_to_expire,failed_transfer,0.10535002499818802,0.8625,80,0.0
card_about_to_expire,fiat_currency_support,0.1582156866788864,0.725,80,0.0
card_about_to_expire,get_disposable_virtual_card,0.43393436074256897,0.7416666666666667,120,0.14285714285714285
card_about_to_expire,get_physical_card,0.4690532088279724,0.4125,80,0.16666666666666666
card_about_to_expire,getting_spare_card,0.5478004217147827,0.625,80,0.16666666666666666
card_about_to_expire,high_value_transfer,0.0703447237610817,0.825,40,0.0
card_about_to_expire,identity_verification_mobile_number,0.19629156589508057,0.825,40,0.0
card_about_to_expire,incorrect_currency_received,0.177984356880188,0.825,40,0.0
card_about_to_expire,international_fee,0.23090988397598267,0.825,40,0.0
card_about_to_expire,lost_or_stolen_card,0.4754199981689453,0.7125,80,0.14285714285714285
card_about_to_expire,lost_or_stolen_phone,0.1378450244665146,0.775,80,0.0
card_about_to_expire,order_physical_card,0.5413151979446411,0.5,80,0.16666666666666666
card_about_to_expire,passcode_forgotten,0.21067337691783905,0.8875,80,0.0
card_about_to_expire,pending_card_payment,0.5501202344894409,0.85,80,0.16666666666666666
card_about_to_expire,pending_cash_withdrawal,0.2818441390991211,0.725,80,0.0
card_about_to_expire,pending_top_up,0.2347513735294342,0.725,80,0.0
card_about_to_expire,pending_transfer,0.2254129946231842,0.75,80,0.0
card_about_to_expire,reverted_card_payment,0.45156794786453247,0.775,80,0.16666666666666666
card_about_to_expire,supported_cards_and_currencies,0.38794976472854614,0.575,80,0.0
card_about_to_expire,terminate_account,0.24745413661003113,0.9125,80,0.0
card_about_to_expire,top_up_by_bank_transfer_charge,0.07087793201208115,0.5,80,0.0
card_about_to_expire,top_up_by_card_charge,0.39602479338645935,0.6625,80,0.125
card_about_to_expire,top_up_by_cash_or_cheque,0.11782187968492508,0.775,80,0.0
card_about_to_expire,top_up_failed,0.06466148793697357,0.8125,80,0.0
card_about_to_expire,top_up_limits,0.12346760928630829,0.8625,80,0.0
card_about_to_expire,top_up_reverted,0.07720424979925156,0.75,80,0.0
card_about_to_expire,topping_up_by_card,0.4331837594509125,0.4125,80,0.14285714285714285
card_about_to_expire,transaction_charged_twice,0.17328470945358276,0.875,80,0.0
card_about_to_expire,transfer_fee_charged,0.1488703191280365,0.8375,80,0.0
card_about_to_expire,transfer_into_account,0.1178600937128067,0.775,80,0.0
card_about_to_expire,transfer_not_received_by_recipient,0.05232074856758118,0.6125,80,0.0
card_about_to_expire,transfer_timing,0.11580517888069153,0.8,80,0.0
card_about_to_expire,unable_to_verify_identity,0.13126161694526672,0.6,80,0.14285714285714285
card_about_to_expire,verify_my_identity,0.14982019364833832,0.9,80,0.0
card_about_to_expire,verify_source_of_funds,0.01394900307059288,0.85,80,0.0
card_about_to_expire,verify_top_up,0.07277184724807739,0.9,80,0.0
card_about_to_expire,virtual_card_not_working,0.3510466516017914,0.625,80,0.14285714285714285
card_about_to_expire,visa_or_mastercard,0.46129754185676575,0.875,80,0.0
card_about_to_expire,why_is_card_on_the_way,0.5026035904884338,0.4125,80,0.1111111111111111
card_about_to_expire,wrong_amount_of_cash_received,0.13805854320526123,0.725,80,0.0
card_about_to_expire,wrong_exchange_rate_for_cash_withdrawal,0.1535179764032364,0.675,80,0.0
card_about_to_expire,receiving_money,0.14430177211761475,0.5625,80,0.0
card_acceptance,card_arrival,0.6711196899414062,0.35,80,0.3333333333333333
card_acceptance,card_delivery_estimate,0.5394045114517212,0.325,80,0.25
card_acceptance,card_linking,0.5039081573486328,0.425,80,0.3333333333333333
card_acceptance,card_not_working,0.504685640335083,0.6,80,0.25
card_acceptance,card_payment_fee_charged,0.43285107612609863,0.5625,80,0.2
card_acceptance,card_payment_not_recognised,0.5137782692909241,0.3375,80,0.2
card_acceptance,card_payment_wrong_exchange_rate,0.44303739070892334,0.3375,80,0.16666666666666666
card_acceptance,card_swallowed,0.5344124436378479,0.25,80,0.3333333333333333
card_acceptance,cash_withdrawal_charge,0.2817171812057495,0.55,80,0.0
card_acceptance,cash_withdrawal_not_recognised,0.3353642523288727,0.25833333333333336,120,0.0
card_acceptance,change_pin,0.26627910137176514,0.65,80,0.0
card_acceptance,compromised_card,0.5050598978996277,0.475,80,0.3333333333333333
card_acceptance,contactless_not_working,0.029867682605981827,0.575,80,0.0
card_acceptance,country_support,0.18674664199352264,0.3375,80,0.0
card_acceptance,declined_card_payment,0.5225781202316284,0.4625,80,0.25
card_acceptance,declined_cash_withdrawal,0.33803248405456543,0.325,80,0.0
card_acceptance,declined_transfer,0.3195812404155731,0.475,80,0.0
card_acceptance,direct_debit_payment_not_recognised,0.23523998260498047,0.4375,80,0.0
card_acceptance,disposable_card_limits,0.435208797454834,0.575,80,0.25
card_acceptance,edit_personal_details,0.0909227579832077,0.625,80,0.0
card_acceptance,exchange_charge,0.23926658928394318,0.2875,80,0.0
card_acceptance,exchange_rate,0.14134393632411957,0.6375,80,0.0
card_acceptance,exchange_via_app,0.20469410717487335,0.25,80,0.0
card_acceptance,extra_charge_on_statement,0.17483018338680267,0.475,80,0.0
card_acceptance,failed_transfer,0.26195189356803894,0.6,80,0.0
card_acceptance,fiat_currency_support,0.2009512186050415,0.4625,80,0.0
card_acceptance,get_disposable_virtual_card,0.3614359498023987,0.5666666666666667,120,0.2
card_acceptance,get_physical_card,0.5723828077316284,0.15,80,0.25
card_acceptance,getting_spare_card,0.5140342712402344,0.3625,80,0.25
card_acceptance,high_value_transfer,0.20793235301971436,0.3,40,0.0
card_acceptance,identity_verification_mobile_number,0.25340181589126587,0.3,40,0.0
card_acceptance,incorrect_currency_received,0.2312251478433609,0.3,40,0.0
card_acceptance,international_fee,0.19826196134090424,0.3,40,0.0
card_acceptance,lost_or_stolen_card,0.5104551315307617,0.45,80,0.2
card_acceptance,lost_or_stolen_phone,0.11328800022602081,0.5125,80,0.0
card_acceptance,order_physical_card,0.5627058148384094,0.2375,80,0.25
card_acceptance,passcode_forgotten,0.1582147181034088,0.625,80,0.0
card_acceptance,pending_card_payment,0.5173971652984619,0.5875,80,0.25
card_acceptance,pending_cash_withdrawal,0.32938259840011597,0.4625,80,0.0
card_acceptance,pending_top_up,0.21722210943698883,0.4625,80,0.0
card_acceptance,pending_transfer,0.31741324067115784,0.4875,80,0.0
card_acceptance,reverted_card_payment,0.49731388688087463,0.5125,80,0.25
card_acceptance,supported_cards_and_currencies,0.4558013081550598,0.3125,80,0.0
card_acceptance,terminate_account,0.11293604969978333,0.65,80,0.0
card_acceptance,top_up_by_bank_transfer_charge,0.18183332681655884,0.2375,80,0.0
card_acceptance,top_up_by_card_charge,0.4029180407524109,0.4,80,0.16666666666666666
card_acceptance,top_up_by_cash_or_cheque,0.20376688241958618,0.5125,80,0.0
card_acceptance,top_up_failed,0.09705586731433868,0.55,80,0.0
card_acceptance,top_up_limits,0.12247621268033981,0.6,80,0.0
card_acceptance,top_up_reverted,0.12307776510715485,0.4875,80,0.0
card_acceptance,topping_up_by_card,0.4127636253833771,0.15,80,0.2
card_acceptance,transaction_charged_twice,0.15694227814674377,0.6125,80,0.0
card_acceptance,transfer_fee_charged,0.19924131035804749,0.575,80,0.0
card_acceptance,transfer_into_account,0.27768319845199585,0.5125,80,0.0
card_acceptance,transfer_not_received_by_recipient,0.2494342029094696,0.35,80,0.0
card_acceptance,transfer_timing,0.20792433619499207,0.5375,80,0.0
card_acceptance,unable_to_verify_identity,0.1803489327430725,0.3375,80,0.0
card_acceptance,verify_my_identity,0.2281230390071869,0.6375,80,0.0
card_acceptance,verify_source_of_funds,0.1808244287967682,0.5875,80,0.0
card_acceptance,verify_top_up,0.19898836314678192,0.6375,80,0.0
card_acceptance,virtual_card_not_working,0.3303670585155487,0.3625,80,0.2
card_acceptance,visa_or_mastercard,0.5758130550384521,0.6125,80,0.0
card_acceptance,why_is_card_on_the_way,0.5471097230911255,0.15,80,0.14285714285714285
card_acceptance,wrong_amount_of_cash_received,0.25771304965019226,0.4625,80,0.0
card_acceptance,wrong_exchange_rate_for_cash_withdrawal,0.2281530797481537,0.4125,80,0.0
card_acceptance,receiving_money,0.38080263137817383,0.3,80,0.0
card_arrival,card_delivery_estimate,0.7134214639663696,0.375,80,0.25
card_arrival,card_linking,0.5771229267120361,0.475,80,0.3333333333333333
card_arrival,card_not_working,0.5537428259849548,0.65,80,0.25
card_arrival,card_payment_fee_charged,0.49303075671195984,0.6125,80,0.2
card_arrival,card_payment_not_recognised,0.4761091470718384,0.3875,80,0.2
card_arrival,card_payment_wrong_exchange_rate,0.407198429107666,0.3875,80,0.16666666666666666
card_arrival,card_swallowed,0.5915642976760864,0.3,80,0.3333333333333333
card_arrival,cash_withdrawal_charge,0.2339404821395874,0.6,80,0.0
card_arrival,cash_withdrawal_not_recognised,0.18233540654182434,0.2916666666666667,120,0.0
card_arrival,change_pin,0.18969056010246277,0.7,80,0.0
card_arrival,compromised_card,0.5439833998680115,0.525,80,0.3333333333333333
card_arrival,contactless_not_working,0.12338423728942871,0.625,80,0.0
card_arrival,country_support,0.1095593124628067,0.3875,80,0.0
card_arrival,declined_card_payment,0.4233022630214691,0.5125,80,0.25
card_arrival,declined_cash_withdrawal,0.14149464666843414,0.375,80,0.0
card_arrival,declined_transfer,0.16316457092761993,0.525,80,0.0
card_arrival,direct_debit_payment_not_recognised,0.18044665455818176,0.4875,80,0.0
card_arrival,disposable_card_limits,0.42403796315193176,0.625,80,0.25
card_arrival,edit_personal_details,0.034456443041563034,0.675,80,0.0
card_arrival,exchange_charge,0.23286010324954987,0.3375,80,0.0
card_arrival,exchange_rate,0.09055010974407196,0.6875,80,0.0
card_arrival,exchange_via_app,0.1734820306301117,0.3,80,0.0
card_arrival,extra_charge_on_statement,0.2308497428894043,0.525,80,0.0
card_arrival,failed_transfer,0.20539069175720215,0.65,80,0.0
card_arrival,fiat_currency_support,0.1266808807849884,0.5125,80,0.0
card_arrival,get_disposable_virtual_card,0.41891220211982727,0.6,120,0.2
card_arrival,get_physical_card,0.5060796141624451,0.2,80,0.25
card_arrival,getting_spare_card,0.6087308526039124,0.4125,80,0.25
card_arrival,high_value_transfer,0.1675802767276764,0.4,40,0.0
card_arrival,identity_verification_mobile_number,0.19130180776119232,0.4,40,0.0
card_arrival,incorrect_currency_received,0.22189432382583618,0.4,40,0.0
card_arrival,international_fee,0.2116619348526001,0.4,40,0.0
card_arrival,lost_or_stolen_card,0.5338762402534485,0.5,80,0.2
card_arrival,lost_or_stolen_phone,0.20066338777542114,0.5625,80,0.0
card_arrival,order_physical_card,0.6274315118789673,0.2875,80,0.25
card_arrival,passcode_forgotten,0.13209383189678192,0.675,80,0.0
card_arrival,pending_card_payment,0.5991030931472778,0.6375,80,0.25
card_arrival,pending_cash_withdrawal,0.2986260950565338,0.5125,80,0.0
card_arrival,pending_top_up,0.2749090790748596,0.5125,80,0.0
card_arrival,pending_transfer,0.35158294439315796,0.5375,80,0.0
card_arrival,reverted_card_payment,0.4318903982639313,0.5625,80,0.25
card_arrival,supported_cards_and_currencies,0.3783859610557556,0.3625,80,0.0
card_arrival,terminate_account,0.08404608815908432,0.7,80,0.0
card_arrival,top_up_by_bank_transfer_charge,0.2091178447008133,0.2875,80,0.0
card_arrival,top_up_by_card_charge,0.504802405834198,0.45,80,0.16666666666666666
card_arrival,top_up_by_cash_or_cheque,0.1708025187253952,0.5625,80,0.0
card_arrival,top_up_failed,0.08665382862091064,0.6,80,0.0
card_arrival,top_up_limits,0.10099265724420547,0.65,80,0.0
card_arrival,top_up_reverted,0.06698262691497803,0.5375,80,0.0
card_arrival,topping_up_by_card,0.6083347797393799,0.2,80,0.2
card_arrival,transaction_charged_twice,0.2501416802406311,0.6625,80,0.0
card_arrival,transfer_fee_charged,0.2114514708518982,0.625,80,0.0
card_arrival,transfer_into_account,0.22496213018894196,0.5625,80,0.0
card_arrival,transfer_not_received_by_recipient,0.2716394364833832,0.4,80,0.0
card_arrival,transfer_timing,0.3263081908226013,0.5875,80,0.0
card_arrival,unable_to_verify_identity,0.08372321724891663,0.3875,80,0.0
card_arrival,verify_my_identity,0.12363436073064804,0.6875,80,0.0
card_arrival,verify_source_of_funds,0.07943780720233917,0.6375,80,0.0
card_arrival,verify_top_up,0.12267576903104782,0.6875,80,0.0
card_arrival,virtual_card_not_working,0.31847521662712097,0.4125,80,0.2
card_arrival,visa_or_mastercard,0.48395270109176636,0.6625,80,0.0
card_arrival,why_is_card_on_the_way,0.6125169992446899,0.2,80,0.14285714285714285
card_arrival,wrong_amount_of_cash_received,0.23749101161956787,0.5125,80,0.0
card_arrival,wrong_exchange_rate_for_cash_withdrawal,0.12802205979824066,0.4625,80,0.0
card_arrival,receiving_money,0.3926391303539276,0.35,80,0.0
card_delivery_estimate,card_linking,0.4285934567451477,0.45,80,0.25
card_delivery_estimate,card_not_working,0.45124608278274536,0.625,80,0.2
card_delivery_estimate,card_payment_fee_charged,0.5157393217086792,0.5875,80,0.16666666666666666
card_delivery_estimate,card_payment_not_recognised,0.40415090322494507,0.3625,80,0.16666666666666666
card_delivery_estimate,card_payment_wrong_exchange_rate,0.4521024823188782,0.3625,80,0.14285714285714285
card_delivery_estimate,card_swallowed,0.4377647042274475,0.275,80,0.25
card_delivery_estimate,cash_withdrawal_charge,0.22784312069416046,0.575,80,0.0
card_delivery_estimate,cash_withdrawal_not_recognised,0.11519121378660202,0.275,120,0.0
card_delivery_estimate,change_pin,0.06783689558506012,0.675,80,0.0
card_delivery_estimate,compromised_card,0.3872948884963989,0.5,80,0.25
card_delivery_estimate,contactless_not_working,0.0806276872754097,0.6,80,0.0
card_delivery_estimate,country_support,0.07413987815380096,0.3625,80,0.0
card_delivery_estimate,declined_card_payment,0.3934358060359955,0.4875,80,0.2
card_delivery_estimate,declined_cash_withdrawal,0.11122474819421768,0.35,80,0.0
card_delivery_estimate,declined_transfer,0.14175009727478027,0.5,80,0.0
card_delivery_estimate,direct_debit_payment_not_recognised,0.17772266268730164,0.4625,80,0.0
card_delivery_estimate,disposable_card_limits,0.4657060503959656,0.6,80,0.2
card_delivery_estimate,edit_personal_details,0.02734578400850296,0.65,80,0.0
card_delivery_estimate,exchange_charge,0.2632956802845001,0.3125,80,0.0
card_delivery_estimate,exchange_rate,0.18154530227184296,0.6625,80,0.0
card_delivery_estimate,exchange_via_app,0.1549641191959381,0.275,80,0.0
card_delivery_estimate,extra_charge_on_statement,0.21108263731002808,0.5,80,0.0
card_delivery_estimate,failed_transfer,0.12312491238117218,0.625,80,0.0
card_delivery_estimate,fiat_currency_support,0.11784718930721283,0.4875,80,0.0
card_delivery_estimate,get_disposable_virtual_card,0.39130181074142456,0.5833333333333334,120,0.16666666666666666
card_delivery_estimate,get_physical_card,0.42315220832824707,0.175,80,0.2
card_delivery_estimate,getting_spare_card,0.48305752873420715,0.3875,80,0.2
card_delivery_estimate,high_value_transfer,0.14301416277885437,0.35,40,0.0
card_delivery_estimate,identity_verification_mobile_number,0.14571505784988403,0.35,40,0.0
card_delivery_estimate,incorrect_currency_received,0.1805841028690338,0.35,40,0.0
card_delivery_estimate,international_fee,0.31697389483451843,0.35,40,0.0
card_delivery_estimate,lost_or_stolen_card,0.37912482023239136,0.475,80,0.16666666666666666
card_delivery_estimate,lost_or_stolen_phone,0.11180178076028824,0.5375,80,0.0
card_delivery_estimate,order_physical_card,0.5057858228683472,0.2625,80,0.2
card_delivery_estimate,passcode_forgotten,0.08725404739379883,0.65,80,0.0
card_delivery_estimate,pending_card_payment,0.497100293636322,0.6125,80,0.2
card_delivery_estimate,pending_cash_withdrawal,0.20611527562141418,0.4875,80,0.0
card_delivery_estimate,pending_top_up,0.16443166136741638,0.4875,80,0.0
card_delivery_estimate,pending_transfer,0.23710599541664124,0.5125,80,0.0
card_delivery_estimate,reverted_card_payment,0.37006545066833496,0.5375,80,0.2
card_delivery_estimate,supported_cards_and_currencies,0.3765568733215332,0.3375,80,0.0
card_delivery_estimate,terminate_account,0.020384222269058228,0.675,80,0.0
card_delivery_estimate,top_up_by_bank_transfer_charge,0.21804238855838776,0.2625,80,0.0
card_delivery_estimate,top_up_by_card_charge,0.4201290011405945,0.425,80,0.14285714285714285
card_delivery_estimate,top_up_by_cash_or_cheque,0.14833511412143707,0.5375,80,0.0
card_delivery_estimate,top_up_failed,0.042863402515649796,0.575,80,0.0
card_delivery_estimate,top_up_limits,0.13423720002174377,0.625,80,0.0
card_delivery_estimate,top_up_reverted,0.020038370043039322,0.5125,80,0.0
card_delivery_estimate,topping_up_by_card,0.44710779190063477,0.175,80,0.16666666666666666
card_delivery_estimate,transaction_charged_twice,0.17575815320014954,0.6375,80,0.0
card_delivery_estimate,transfer_fee_charged,0.2708207964897156,0.6,80,0.0
card_delivery_estimate,transfer_into_account,0.16035541892051697,0.5375,80,0.0
card_delivery_estimate,transfer_not_received_by_recipient,0.23777231574058533,0.375,80,0.0
card_delivery_estimate,transfer_timing,0.2306409478187561,0.5625,80,0.0
card_delivery_estimate,unable_to_verify_identity,0.011202150955796242,0.3625,80,0.0
card_delivery_estimate,verify_my_identity,0.03685389459133148,0.6625,80,0.0
card_delivery_estimate,verify_source_of_funds,0.05499423295259476,0.6125,80,0.0
card_delivery_estimate,verify_top_up,0.04264209419488907,0.6625,80,0.0
card_delivery_estimate,virtual_card_not_working,0.28238150477409363,0.3875,80,0.16666666666666666
card_delivery_estimate,visa_or_mastercard,0.41281598806381226,0.6375,80,0.0
card_delivery_estimate,why_is_card_on_the_way,0.3923022747039795,0.175,80,0.125
card_delivery_estimate,wrong_amount_of_cash_received,0.27365443110466003,0.4875,80,0.0
card_delivery_estimate,wrong_exchange_rate_for_cash_withdrawal,0.19675467908382416,0.4375,80,0.0
card_delivery_estimate,receiving_money,0.25998884439468384,0.325,80,0.0
card_linking,card_not_working,0.5453026294708252,0.725,80,0.25
card_linking,card_payment_fee_charged,0.4591774344444275,0.6875,80,0.2
card_linking,card_payment_not_recognised,0.46336615085601807,0.4625,80,0.2
card_linking,card_payment_wrong_exchange_rate,0.3688809871673584,0.4625,80,0.16666666666666666
card_linking,card_swallowed,0.4707579016685486,0.375,80,0.3333333333333333
card_linking,cash_withdrawal_charge,0.12618546187877655,0.675,80,0.0
card_linking,cash_withdrawal_not_recognised,0.111757792532444,0.3416666666666667,120,0.0
card_linking,change_pin,0.3378150761127472,0.775,80,0.0
card_linking,compromised_card,0.49107855558395386,0.6,80,0.3333333333333333
card_linking,contactless_not_working,0.11025150120258331,0.7,80,0.0
card_linking,country_support,0.12236713618040085,0.4625,80,0.0
card_linking,declined_card_payment,0.3916172385215759,0.5875,80,0.25
card_linking,declined_cash_withdrawal,0.05744253844022751,0.45,80,0.0
card_linking,declined_transfer,0.15458597242832184,0.6,80,0.0
card_linking,direct_debit_payment_not_recognised,0.21725864708423615,0.5625,80,0.0
card_linking,disposable_card_limits,0.40464574098587036,0.7,80,0.25
card_linking,edit_personal_details,0.09976842999458313,0.75,80,0.0
card_linking,exchange_charge,0.1979132741689682,0.4125,80,0.0
card_linking,exchange_rate,0.07985824346542358,0.7625,80,0.0
card_linking,exchange_via_app,0.13901570439338684,0.375,80,0.0
card_linking,extra_charge_on_statement,0.13423943519592285,0.6,80,0.0
card_linking,failed_transfer,0.13800981640815735,0.725,80,0.0
card_linking,fiat_currency_support,0.19692838191986084,0.5875,80,0.0
card_linking,get_disposable_virtual_card,0.41481730341911316,0.65,120,0.2
card_linking,get_physical_card,0.4355311989784241,0.275,80,0.25
card_linking,getting_spare_card,0.5193313360214233,0.4875,80,0.25
card_linking,high_value_transfer,0.17783957719802856,0.55,40,0.0
card_linking,identity_verification_mobile_number,0.11916704475879669,0.55,40,0.0
card_linking,incorrect_currency_received,0.14461860060691833,0.55,40,0.0
card_linking,international_fee,0.22387191653251648,0.55,40,0.0
card_linking,lost_or_stolen_card,0.43836626410484314,0.575,80,0.2
card_linking,lost_or_stolen_phone,0.092312291264534,0.6375,80,0.0
card_linking,order_physical_card,0.5044454336166382,0.3625,80,0.25
card_linking,passcode_forgotten,0.09332424402236938,0.75,80,0.0
card_linking,pending_card_payment,0.41292864084243774,0.7125,80,0.25
card_linking,pending_cash_withdrawal,0.07910827547311783,0.5875,80,0.0
card_linking,pending_top_up,0.16119617223739624,0.5875,80,0.0
card_linking,pending_transfer,0.14824503660202026,0.6125,80,0.0
card_linking,reverted_card_payment,0.40551209449768066,0.6375,80,0.25
card_linking,supported_cards_and_currencies,0.4771997332572937,0.4375,80,0.0
card_linking,terminate_account,0.07954384386539459,0.775,80,0.0
card_linking,top_up_by_bank_transfer_charge,0.1968497633934021,0.3625,80,0.0
card_linking,top_up_by_card_charge,0.5024107098579407,0.525,80,0.16666666666666666
card_linking,top_up_by_cash_or_cheque,0.14250439405441284,0.6375,80,0.0
card_linking,top_up_failed,0.11572332680225372,0.675,80,0.0
card_linking,top_up_limits,0.08688001334667206,0.725,80,0.0
card_linking,top_up_reverted,0.13809429109096527,0.6125,80,0.0
card_linking,topping_up_by_card,0.46947163343429565,0.275,80,0.2
card_linking,transaction_charged_twice,0.1476244479417801,0.7375,80,0.0
card_linking,transfer_fee_charged,0.22907313704490662,0.7,80,0.0
card_linking,transfer_into_account,0.24564486742019653,0.6375,80,0.0
card_linking,transfer_not_received_by_recipient,0.1562827229499817,0.475,80,0.0
card_linking,transfer_timing,0.1851332187652588,0.6625,80,0.0
card_linking,unable_to_verify_identity,0.03806420415639877,0.4625,80,0.0
card_linking,verify_my_identity,0.08883814513683319,0.7625,80,0.0
card_linking,verify_source_of_funds,0.14108136296272278,0.7125,80,0.0
card_linking,verify_top_up,0.15553683042526245,0.7625,80,0.0
card_linking,virtual_card_not_working,0.36223506927490234,0.4875,80,0.2
card_linking,visa_or_mastercard,0.4769679307937622,0.7375,80,0.0
card_linking,why_is_card_on_the_way,0.5417327880859375,0.275,80,0.14285714285714285
card_linking,wrong_amount_of_cash_received,0.11309132725000381,0.5875,80,0.0
card_linking,wrong_exchange_rate_for_cash_withdrawal,0.04698435217142105,0.5375,80,0.0
card_linking,receiving_money,0.23810020089149475,0.425,80,0.0
card_not_working,card_payment_fee_charged,0.48094606399536133,0.8625,80,0.16666666666666666
card_not_working,card_payment_not_recognised,0.7230696082115173,0.6375,80,0.4
card_not_working,card_payment_wrong_exchange_rate,0.4609084129333496,0.6375,80,0.14285714285714285
card_not_working,card_swallowed,0.5098534822463989,0.55,80,0.25
card_not_working,cash_withdrawal_charge,0.11322562396526337,0.85,80,0.0
card_not_working,cash_withdrawal_not_recognised,0.3072303533554077,0.4583333333333333,120,0.16666666666666666
card_not_working,change_pin,0.3135884404182434,0.95,80,0.0
card_not_working,compromised_card,0.5646055340766907,0.775,80,0.25
card_not_working,contactless_not_working,0.33002161979675293,0.875,80,0.5
card_not_working,country_support,0.14709456264972687,0.6375,80,0.0
card_not_working,declined_card_payment,0.4756666421890259,0.7625,80,0.2
card_not_working,declined_cash_withdrawal,0.13861185312271118,0.625,80,0.0
card_not_working,declined_transfer,0.09812835603952408,0.775,80,0.0
card_not_working,direct_debit_payment_not_recognised,0.35081690549850464,0.7375,80,0.14285714285714285
card_not_working,disposable_card_limits,0.39597731828689575,0.875,80,0.2
card_not_working,edit_personal_details,0.03801426663994789,0.925,80,0.0
card_not_working,exchange_charge,0.08224455267190933,0.5875,80,0.0
card_not_working,exchange_rate,0.07171517610549927,0.9375,80,0.0
card_not_working,exchange_via_app,0.0013579949736595154,0.55,80,0.0
card_not_working,extra_charge_on_statement,0.14842602610588074,0.775,80,0.0
card_not_working,failed_transfer,0.23440027236938477,0.9,80,0.0
card_not_working,fiat_currency_support,0.13267913460731506,0.7625,80,0.0
card_not_working,get_disposable_virtual_card,0.3566238284111023,0.7666666666666667,120,0.16666666666666666
card_not_working,get_physical_card,0.4468037784099579,0.45,80,0.2
card_not_working,getting_spare_card,0.5337467193603516,0.6625,80,0.2
card_not_working,high_value_transfer,0.03169160336256027,0.9,40,0.0
card_not_working,identity_verification_mobile_number,0.1531810462474823,0.9,40,0.0
card_not_working,incorrect_currency_received,0.2557593584060669,0.9,40,0.0
card_not_working,international_fee,0.14311528205871582,0.9,40,0.0
card_not_working,lost_or_stolen_card,0.49744975566864014,0.75,80,0.16666666666666666
card_not_working,lost_or_stolen_phone,0.178676575422287,0.8125,80,0.0
card_not_working,order_physical_card,0.4976549744606018,0.5375,80,0.2
card_not_working,passcode_forgotten,0.25350067019462585,0.925,80,0.0
card_not_working,pending_card_payment,0.5539636015892029,0.8875,80,0.2
card_not_working,pending_cash_withdrawal,0.185868501663208,0.7625,80,0.0
card_not_working,pending_top_up,0.11758659034967422,0.7625,80,0.0
card_not_working,pending_transfer,0.16438308358192444,0.7875,80,0.0
card_not_working,reverted_card_payment,0.5260077118873596,0.8125,80,0.2
card_not_working,supported_cards_and_currencies,0.42808228731155396,0.6125,80,0.0
card_not_working,terminate_account,0.10113987326622009,0.95,80,0.0
card_not_working,top_up_by_bank_transfer_charge,0.05762743949890137,0.5375,80,0.0
card_not_working,top_up_by_card_charge,0.42187511920928955,0.7,80,0.14285714285714285
card_not_working,top_up_by_cash_or_cheque,0.004101295955479145,0.8125,80,0.0
card_not_working,top_up_failed,0.19936922192573547,0.85,80,0.0
card_not_working,top_up_limits,-0.0030199792236089706,0.9,80,0.0
card_not_working,top_up_reverted,0.10975725203752518,0.7875,80,0.0
card_not_working,topping_up_by_card,0.44626879692077637,0.45,80,0.16666666666666666
card_not_working,transaction_charged_twice,0.20962682366371155,0.9125,80,0.0
card_not_working,transfer_fee_charged,0.14172279834747314,0.875,80,0.0
card_not_working,transfer_into_account,0.14511427283287048,0.8125,80,0.0
card_not_working,transfer_not_received_by_recipient,0.24755139648914337,0.65,80,0.14285714285714285
card_not_working,transfer_timing,0.016020623967051506,0.8375,80,0.0
card_not_working,unable_to_verify_identity,0.25979796051979065,0.6375,80,0.0
card_not_working,verify_my_identity,0.17923998832702637,0.9375,80,0.0
card_not_working,verify_source_of_funds,0.05818143114447594,0.8875,80,0.0
card_not_working,verify_top_up,0.08748812228441238,0.9375,80,0.0
card_not_working,virtual_card_not_working,0.6986777186393738,0.6625,80,0.75
card_not_working,visa_or_mastercard,0.42193812131881714,0.9125,80,0.0
card_not_working,why_is_card_on_the_way,0.6001149415969849,0.45,80,0.125
card_not_working,wrong_amount_of_cash_received,0.2156345695257187,0.7625,80,0.0
card_not_working,wrong_exchange_rate_for_cash_withdrawal,0.11941350996494293,0.7125,80,0.0
card_not_working,receiving_money,0.239861860871315,0.6,80,0.0
card_payment_fee_charged,card_payment_not_recognised,0.6480671167373657,0.6,80,0.3333333333333333
card_payment_fee_charged,card_payment_wrong_exchange_rate,0.6369099617004395,0.6,80,0.2857142857142857
card_payment_fee_charged,card_swallowed,0.3924766778945923,0.5125,80,0.2
card_payment_fee_charged,cash_withdrawal_charge,0.3976728916168213,0.8125,80,0.0
card_payment_fee_charged,cash_withdrawal_not_recognised,0.185234934091568,0.43333333333333335,120,0.0
card_payment_fee_charged,change_pin,0.1703144907951355,0.9125,80,0.0
card_payment_fee_charged,compromised_card,0.47246047854423523,0.7375,80,0.2
card_payment_fee_charged,contactless_not_working,0.08064888417720795,0.8375,80,0.0
card_payment_fee_charged,country_support,-0.006387721747159958,0.6,80,0.0
card_payment_fee_charged,declined_card_payment,0.6073110103607178,0.725,80,0.4
card_payment_fee_charged,declined_cash_withdrawal,0.15174053609371185,0.5875,80,0.0
card_payment_fee_charged,declined_transfer,0.16965612769126892,0.7375,80,0.0
card_payment_fee_charged,direct_debit_payment_not_recognised,0.393119215965271,0.7,80,0.125
card_payment_fee_charged,disposable_card_limits,0.34088075160980225,0.8375,80,0.16666666666666666
card_payment_fee_charged,edit_personal_details,-0.000975755974650383,0.8875,80,0.0
card_payment_fee_charged,exchange_charge,0.4439930021762848,0.55,80,0.0
card_payment_fee_charged,exchange_rate,0.1987912356853485,0.9,80,0.0
card_payment_fee_charged,exchange_via_app,0.05115829408168793,0.5125,80,0.0
card_payment_fee_charged,extra_charge_on_statement,0.428508460521698,0.7375,80,0.0
card_payment_fee_charged,failed_transfer,0.1221284493803978,0.8625,80,0.0
card_payment_fee_charged,fiat_currency_support,0.07419053465127945,0.725,80,0.0
card_payment_fee_charged,get_disposable_virtual_card,0.292070209980011,0.7416666666666667,120,0.14285714285714285
card_payment_fee_charged,get_physical_card,0.3349905014038086,0.4125,80,0.16666666666666666
card_payment_fee_charged,getting_spare_card,0.4259018301963806,0.625,80,0.16666666666666666
card_payment_fee_charged,high_value_transfer,0.07267872989177704,0.825,40,0.0
card_payment_fee_charged,identity_verification_mobile_number,0.10447735339403152,0.825,40,0.0
card_payment_fee_charged,incorrect_currency_received,0.26042550802230835,0.825,40,0.0
card_payment_fee_charged,international_fee,0.5086387395858765,0.825,40,0.2
card_payment_fee_charged,lost_or_stolen_card,0.37139564752578735,0.7125,80,0.14285714285714285
card_payment_fee_charged,lost_or_stolen_phone,0.0469483882188797,0.775,80,0.0
card_payment_fee_charged,order_physical_card,0.40403807163238525,0.5,80,0.16666666666666666
card_payment_fee_charged,passcode_forgotten,0.1273609697818756,0.8875,80,0.0
card_payment_fee_charged,pending_card_payment,0.689604640007019,0.85,80,0.4
card_payment_fee_charged,pending_cash_withdrawal,0.2304420918226242,0.725,80,0.0
card_payment_fee_charged,pending_top_up,0.05964171886444092,0.725,80,0.0
card_payment_fee_charged,pending_transfer,0.25212371349334717,0.75,80,0.0
card_payment_fee_charged,reverted_card_payment,0.6254839897155762,0.775,80,0.4
card_payment_fee_charged,supported_cards_and_currencies,0.28976792097091675,0.575,80,0.0
card_payment_fee_charged,terminate_account,0.15663252770900726,0.9125,80,0.0
card_payment_fee_charged,top_up_by_bank_transfer_charge,0.36025992035865784,0.5,80,0.0
card_payment_fee_charged,top_up_by_card_charge,0.4798739552497864,0.6625,80,0.125
card_payment_fee_charged,top_up_by_cash_or_cheque,0.13539187610149384,0.775,80,0.0
card_payment_fee_charged,top_up_failed,-0.042592957615852356,0.8125,80,0.0
card_payment_fee_charged,top_up_limits,-0.04390264302492142,0.8625,80,0.0
card_payment_fee_charged,top_up_reverted,-0.012443207204341888,0.75,80,0.0
card_payment_fee_charged,topping_up_by_card,0.3366040587425232,0.4125,80,0.14285714285714285
card_payment_fee_charged,transaction_charged_twice,0.510754406452179,0.875,80,0.16666666666666666
card_payment_fee_charged,transfer_fee_charged,0.6672546863555908,0.8375,80,0.4
card_payment_fee_charged,transfer_into_account,0.2185145616531372,0.775,80,0.0
card_payment_fee_charged,transfer_not_received_by_recipient,0.19598695635795593,0.6125,80,0.0
card_payment_fee_charged,transfer_timing,0.10236099362373352,0.8,80,0.0
card_payment_fee_charged,unable_to_verify_identity,0.0730498805642128,0.6,80,0.0
card_payment_fee_charged,verify_my_identity,0.08609451353549957,0.9,80,0.0
card_payment_fee_charged,verify_source_of_funds,0.11175525933504105,0.85,80,0.0
card_payment_fee_charged,verify_top_up,-0.012454919517040253,0.9,80,0.0
card_payment_fee_charged,virtual_card_not_working,0.32850968837738037,0.625,80,0.14285714285714285
card_payment_fee_charged,visa_or_mastercard,0.3994331359863281,0.875,80,0.0
card_payment_fee_charged,why_is_card_on_the_way,0.3443966507911682,0.4125,80,0.1111111111111111
card_payment_fee_charged,wrong_amount_of_cash_received,0.3106635808944702,0.725,80,0.0
card_payment_fee_charged,wrong_exchange_rate_for_cash_withdrawal,0.22264613211154938,0.675,80,0.0
card_payment_fee_charged,receiving_money,0.26639872789382935,0.5625,80,0.0
card_payment_not_recognised,card_payment_wrong_exchange_rate,0.615648090839386,0.375,80,0.2857142857142857
card_payment_not_recognised,card_swallowed,0.43295496702194214,0.2875,80,0.2
card_payment_not_recognised,cash_withdrawal_charge,0.2694152593612671,0.5875,80,0.0
card_payment_not_recognised,cash_withdrawal_not_recognised,0.5143730640411377,0.2833333333333333,120,0.3333333333333333
card_payment_not_recognised,change_pin,0.2420196831226349,0.6875,80,0.0
card_payment_not_recognised,compromised_card,0.5502817034721375,0.5125,80,0.2
card_payment_not_recognised,contactless_not_working,0.17605295777320862,0.6125,80,0.16666666666666666
card_payment_not_recognised,country_support,0.0963459387421608,0.375,80,0.0
card_payment_not_recognised,declined_card_payment,0.6464987397193909,0.5,80,0.4
card_payment_not_recognised,declined_cash_withdrawal,0.25124797224998474,0.3625,80,0.0
card_payment_not_recognised,declined_transfer,0.18681800365447998,0.5125,80,0.0
card_payment_not_recognised,direct_debit_payment_not_recognised,0.6519323587417603,0.475,80,0.5
card_payment_not_recognised,disposable_card_limits,0.31020933389663696,0.6125,80,0.16666666666666666
card_payment_not_recognised,edit_personal_details,-0.017626134678721428,0.6625,80,0.0
card_payment_not_recognised,exchange_charge,0.20947781205177307,0.325,80,0.0
card_payment_not_recognised,exchange_rate,0.12238326668739319,0.675,80,0.0
card_payment_not_recognised,exchange_via_app,0.050647445023059845,0.2875,80,0.0
card_payment_not_recognised,extra_charge_on_statement,0.2429783046245575,0.5125,80,0.0
card_payment_not_recognised,failed_transfer,0.2832854986190796,0.6375,80,0.0
card_payment_not_recognised,fiat_currency_support,0.18909677863121033,0.5,80,0.0
card_payment_not_recognised,get_disposable_virtual_card,0.2894743084907532,0.5916666666666667,120,0.14285714285714285
card_payment_not_recognised,get_physical_card,0.37983250617980957,0.1875,80,0.16666666666666666
card_payment_not_recognised,getting_spare_card,0.4309844374656677,0.4,80,0.16666666666666666
card_payment_not_recognised,high_value_transfer,0.03119860216975212,0.375,40,0.0
card_payment_not_recognised,identity_verification_mobile_number,0.2396780103445053,0.375,40,0.0
card_payment_not_recognised,incorrect_currency_received,0.4284457564353943,0.375,40,0.0
card_payment_not_recognised,international_fee,0.2270326167345047,0.375,40,0.0
card_payment_not_recognised,lost_or_stolen_card,0.46824878454208374,0.4875,80,0.14285714285714285
card_payment_not_recognised,lost_or_stolen_phone,0.16098736226558685,0.55,80,0.0
card_payment_not_recognised,order_physical_card,0.45207342505455017,0.275,80,0.16666666666666666
card_payment_not_recognised,passcode_forgotten,0.2768480181694031,0.6625,80,0.0
card_payment_not_recognised,pending_card_payment,0.7127507925033569,0.625,80,0.4
card_payment_not_recognised,pending_cash_withdrawal,0.29079490900039673,0.5,80,0.0
card_payment_not_recognised,pending_top_up,0.06333980709314346,0.5,80,0.0
card_payment_not_recognised,pending_transfer,0.25729838013648987,0.525,80,0.0
card_payment_not_recognised,reverted_card_payment,0.7316293716430664,0.55,80,0.4
card_payment_not_recognised,supported_cards_and_currencies,0.42880773544311523,0.35,80,0.0
card_payment_not_recognised,terminate_account,0.12812785804271698,0.6875,80,0.0
card_payment_not_recognised,top_up_by_bank_transfer_charge,0.19298620522022247,0.275,80,0.0
card_payment_not_recognised,top_up_by_card_charge,0.34334561228752136,0.4375,80,0.125
card_payment_not_recognised,top_up_by_cash_or_cheque,0.11613591760396957,0.55,80,0.0
card_payment_not_recognised,top_up_failed,0.07478103041648865,0.5875,80,0.0
card_payment_not_recognised,top_up_limits,-0.10349041223526001,0.6375,80,0.0
card_payment_not_recognised,top_up_reverted,0.06233794987201691,0.525,80,0.0
card_payment_not_recognised,topping_up_by_card,0.29939544200897217,0.1875,80,0.14285714285714285
card_payment_not_recognised,transaction_charged_twice,0.3743664622306824,0.65,80,0.0
card_payment_not_recognised,transfer_fee_charged,0.29224854707717896,0.6125,80,0.0
card_payment_not_recognised,transfer_into_account,0.21308520436286926,0.55,80,0.0
card_payment_not_recognised,transfer_not_received_by_recipient,0.3106042444705963,0.3875,80,0.125
card_payment_not_recognised,transfer_timing,0.038629498332738876,0.575,80,0.0
card_payment_not_recognised,unable_to_verify_identity,0.3786848783493042,0.375,80,0.0
card_payment_not_recognised,verify_my_identity,0.30656665563583374,0.675,80,0.0
card_payment_not_recognised,verify_source_of_funds,0.23382648825645447,0.625,80,0.0
card_payment_not_recognised,verify_top_up,0.05319434404373169,0.675,80,0.0
card_payment_not_recognised,virtual_card_not_working,0.506878674030304,0.4,80,0.3333333333333333
card_payment_not_recognised,visa_or_mastercard,0.4747415781021118,0.65,80,0.0
card_payment_not_recognised,why_is_card_on_the_way,0.4026067852973938,0.1875,80,0.1111111111111111
card_payment_not_recognised,wrong_amount_of_cash_received,0.4065307378768921,0.5,80,0.0
card_payment_not_recognised,wrong_exchange_rate_for_cash_withdrawal,0.23980645835399628,0.45,80,0.0
card_payment_not_recognised,receiving_money,0.3279549181461334,0.3375,80,0.0
card_payment_wrong_exchange_rate,card_swallowed,0.33265119791030884,0.2875,80,0.16666666666666666
card_payment_wrong_exchange_rate,cash_withdrawal_charge,0.3062572479248047,0.5875,80,0.0
card_payment_wrong_exchange_rate,cash_withdrawal_not_recognised,0.31141525506973267,0.2833333333333333,120,0.0
card_payment_wrong_exchange_rate,change_pin,0.18991905450820923,0.6875,80,0.0
card_payment_wrong_exchange_rate,compromised_card,0.4104740619659424,0.5125,80,0.16666666666666666
card_payment_wrong_exchange_rate,contactless_not_working,0.030382713302969933,0.6125,80,0.0
card_payment_wrong_exchange_rate,country_support,0.06908974796533585,0.375,80,0.0
card_payment_wrong_exchange_rate,declined_card_payment,0.5090728402137756,0.5,80,0.3333333333333333
card_payment_wrong_exchange_rate,declined_cash_withdrawal,0.2190139889717102,0.3625,80,0.0
card_payment_wrong_exchange_rate,declined_transfer,0.24970120191574097,0.5125,80,0.0
card_payment_wrong_exchange_rate,direct_debit_payment_not_recognised,0.39910244941711426,0.475,80,0.1111111111111111
card_payment_wrong_exchange_rate,disposable_card_limits,0.20818087458610535,0.6125,80,0.14285714285714285
card_payment_wrong_exchange_rate,edit_personal_details,0.01612645760178566,0.6625,80,0.0
card_payment_wrong_exchange_rate,exchange_charge,0.5152979493141174,0.325,80,0.16666666666666666
card_payment_wrong_exchange_rate,exchange_rate,0.6442914605140686,0.675,80,0.4
card_payment_wrong_exchange_rate,exchange_via_app,0.2567966878414154,0.2875,80,0.14285714285714285
card_payment_wrong_exchange_rate,extra_charge_on_statement,0.2191927284002304,0.5125,80,0.0
card_payment_wrong_exchange_rate,failed_transfer,0.2567293345928192,0.6375,80,0.0
card_payment_wrong_exchange_rate,fiat_currency_support,0.2880017161369324,0.5,80,0.0
card_payment_wrong_exchange_rate,get_disposable_virtual_card,0.1639338731765747,0.5916666666666667,120,0.125
card_payment_wrong_exchange_rate,get_physical_card,0.24141614139080048,0.1875,80,0.14285714285714285
card_payment_wrong_exchange_rate,getting_spare_card,0.33124029636383057,0.4,80,0.14285714285714285
card_payment_wrong_exchange_rate,high_value_transfer,0.17833465337753296,0.375,40,0.0
card_payment_wrong_exchange_rate,identity_verification_mobile_number,0.10744955390691757,0.375,40,0.0
card_payment_wrong_exchange_rate,incorrect_currency_received,0.5977874994277954,0.375,40,0.0
card_payment_wrong_exchange_rate,international_fee,0.45089614391326904,0.375,40,0.0
card_payment_wrong_exchange_rate,lost_or_stolen_card,0.3218505382537842,0.4875,80,0.125
card_payment_wrong_exchange_rate,lost_or_stolen_phone,0.010126917622983456,0.55,80,0.0
card_payment_wrong_exchange_rate,order_physical_card,0.34546005725860596,0.275,80,0.14285714285714285
card_payment_wrong_exchange_rate,passcode_forgotten,0.08848639577627182,0.6625,80,0.0
card_payment_wrong_exchange_rate,pending_card_payment,0.5243120193481445,0.625,80,0.3333333333333333
card_payment_wrong_exchange_rate,pending_cash_withdrawal,0.21458391845226288,0.5,80,0.0
card_payment_wrong_exchange_rate,pending_top_up,0.043497234582901,0.5,80,0.0
card_payment_wrong_exchange_rate,pending_transfer,0.24494148790836334,0.525,80,0.0
card_payment_wrong_exchange_rate,reverted_card_payment,0.6419411897659302,0.55,80,0.3333333333333333
card_payment_wrong_exchange_rate,supported_cards_and_currencies,0.4679429531097412,0.35,80,0.0
card_payment_wrong_exchange_rate,terminate_account,0.09744998812675476,0.6875,80,0.0
card_payment_wrong_exchange_rate,top_up_by_bank_transfer_charge,0.3047969341278076,0.275,80,0.0
card_payment_wrong_exchange_rate,top_up_by_card_charge,0.31230950355529785,0.4375,80,0.1111111111111111
card_payment_wrong_exchange_rate,top_up_by_cash_or_cheque,0.13130198419094086,0.55,80,0.0
card_payment_wrong_exchange_rate,top_up_failed,0.04042807221412659,0.5875,80,0.0
card_payment_wrong_exchange_rate,top_up_limits,-0.08363039791584015,0.6375,80,0.0
card_payment_wrong_exchange_rate,top_up_reverted,0.11951048672199249,0.525,80,0.0
card_payment_wrong_exchange_rate,topping_up_by_card,0.2876582443714142,0.1875,80,0.125
card_payment_wrong_exchange_rate,transaction_charged_twice,0.37108755111694336,0.65,80,0.0
card_payment_wrong_exchange_rate,transfer_fee_charged,0.4290539622306824,0.6125,80,0.0
card_payment_wrong_exchange_rate,transfer_into_account,0.2298029661178589,0.55,80,0.0
card_payment_wrong_exchange_rate,transfer_not_received_by_recipient,0.29422616958618164,0.3875,80,0.0
card_payment_wrong_exchange_rate,transfer_timing,0.1926586925983429,0.575,80,0.0
card_payment_wrong_exchange_rate,unable_to_verify_identity,0.14961355924606323,0.375,80,0.0
card_payment_wrong_exchange_rate,verify_my_identity,0.12816840410232544,0.675,80,0.0
card_payment_wrong_exchange_rate,verify_source_of_funds,0.1190607026219368,0.625,80,0.0
card_payment_wrong_exchange_rate,verify_top_up,0.038103748112916946,0.675,80,0.0
card_payment_wrong_exchange_rate,virtual_card_not_working,0.2979831099510193,0.4,80,0.125
card_payment_wrong_exchange_rate,visa_or_mastercard,0.377001017332077,0.65,80,0.0
card_payment_wrong_exchange_rate,why_is_card_on_the_way,0.3470694422721863,0.1875,80,0.1
card_payment_wrong_exchange_rate,wrong_amount_of_cash_received,0.4678448438644409,0.5,80,0.1111111111111111
card_payment_wrong_exchange_rate,wrong_exchange_rate_for_cash_withdrawal,0.667845606803894,0.45,80,0.375
card_payment_wrong_exchange_rate,receiving_money,0.2821018099784851,0.3375,80,0.0
card_swallowed,cash_withdrawal_charge,0.16561530530452728,0.5,80,0.0
card_swallowed,cash_withdrawal_not_recognised,0.15904022753238678,0.225,120,0.0
card_swallowed,change_pin,0.2394276261329651,0.6,80,0.0
card_swallowed,compromised_card,0.5226697325706482,0.425,80,0.3333333333333333
card_swallowed,contactless_not_working,-0.00842609815299511,0.525,80,0.0
card_swallowed,country_support,0.08075794577598572,0.2875,80,0.0
card_swallowed,declined_card_payment,0.3815491497516632,0.4125,80,0.25
card_swallowed,declined_cash_withdrawal,0.14851462841033936,0.275,80,0.0
card_swallowed,declined_transfer,0.0669235810637474,0.425,80,0.0
card_swallowed,direct_debit_payment_not_recognised,0.17764881253242493,0.3875,80,0.0
card_swallowed,disposable_card_limits,0.4249379634857178,0.525,80,0.25
card_swallowed,edit_personal_details,0.02664666622877121,0.575,80,0.0
card_swallowed,exchange_charge,0.10550278425216675,0.2375,80,0.0
card_swallowed,exchange_rate,0.07803048193454742,0.5875,80,0.0
card_swallowed,exchange_via_app,0.04105110466480255,0.2,80,0.0
card_swallowed,extra_charge_on_statement,0.13319560885429382,0.425,80,0.0
card_swallowed,failed_transfer,0.09676127135753632,0.55,80,0.0
card_swallowed,fiat_currency_support,0.1215764582157135,0.4125,80,0.0
card_swallowed,get_disposable_virtual_card,0.3613666594028473,0.5333333333333333,120,0.2
card_swallowed,get_physical_card,0.37630391120910645,0.1,80,0.25
card_swallowed,getting_spare_card,0.4355759024620056,0.3125,80,0.25
card_swallowed,high_value_transfer,0.03947827219963074,0.2,40,0.0
card_swallowed,identity_verification_mobile_number,0.08836228400468826,0.2,40,0.0
card_swallowed,incorrect_currency_received,0.17129212617874146,0.2,40,0.0
card_swallowed,international_fee,0.09925495088100433,0.2,40,0.0
card_swallowed,lost_or_stolen_card,0.48364874720573425,0.4,80,0.2
card_swallowed,lost_or_stolen_phone,0.16191011667251587,0.4625,80,0.0
card_swallowed,order_physical_card,0.40127676725387573,0.1875,80,0.25
card_swallowed,passcode_forgotten,0.11518970131874084,0.575,80,0.0
card_swallowed,pending_card_payment,0.41891205310821533,0.5375,80,0.25
card_swallowed,pending_cash_withdrawal,0.16847705841064453,0.4125,80,0.0
card_swallowed,pending_top_up,0.11671511828899384,0.4125,80,0.0
card_swallowed,pending_transfer,0.06631185859441757,0.4375,80,0.0
card_swallowed,reverted_card_payment,0.4144776463508606,0.4625,80,0.25
card_swallowed,supported_cards_and_currencies,0.28966429829597473,0.2625,80,0.0
card_swallowed,terminate_account,0.16821745038032532,0.6,80,0.0
card_swallowed,top_up_by_bank_transfer_charge,0.07735830545425415,0.1875,80,0.0
card_swallowed,top_up_by_card_charge,0.40274298191070557,0.35,80,0.16666666666666666
card_swallowed,top_up_by_cash_or_cheque,0.09451866149902344,0.4625,80,0.0
card_swallowed,top_up_failed,0.14604401588439941,0.5,80,0.0
card_swallowed,top_up_limits,0.13882477581501007,0.55,80,0.0
card_swallowed,top_up_reverted,0.11665337532758713,0.4375,80,0.0
card_swallowed,topping_up_by_card,0.55290687084198,0.1,80,0.2
card_swallowed,transaction_charged_twice,0.17240211367607117,0.5625,80,0.0
card_swallowed,transfer_fee_charged,0.06722389906644821,0.525,80,0.0
card_swallowed,transfer_into_account,0.13460132479667664,0.4625,80,0.0
card_swallowed,transfer_not_received_by_recipient,0.06734631955623627,0.3,80,0.0
card_swallowed,transfer_timing,0.028613753616809845,0.4875,80,0.0
card_swallowed,unable_to_verify_identity,0.07543408870697021,0.2875,80,0.0
card_swallowed,verify_my_identity,0.11313629150390625,0.5875,80,0.0
card_swallowed,verify_source_of_funds,0.10083270817995071,0.5375,80,0.0
card_swallowed,verify_top_up,0.11168239265680313,0.5875,80,0.0
card_swallowed,virtual_card_not_working,0.322561115026474,0.3125,80,0.2
card_swallowed,visa_or_mastercard,0.39261385798454285,0.5625,80,0.0
card_swallowed,why_is_card_on_the_way,0.5163612365722656,0.1,80,0.14285714285714285
card_swallowed,wrong_amount_of_cash_received,0.16467341780662537,0.4125,80,0.0
card_swallowed,wrong_exchange_rate_for_cash_withdrawal,0.0955248773097992,0.3625,80,0.0
card_swallowed,receiving_money,0.24472454190254211,0.25,80,0.0
cash_withdrawal_charge,cash_withdrawal_not_recognised,0.7500812411308289,0.425,120,0.4
cash_withdrawal_charge,change_pin,0.21440717577934265,0.9,80,0.0
cash_withdrawal_charge,compromised_card,0.2674136161804199,0.725,80,0.0
cash_withdrawal_charge,contactless_not_working,-0.0358860157430172,0.825,80,0.0
cash_withdrawal_charge,country_support,-0.04032386466860771,0.5875,80,0.0
cash_withdrawal_charge,declined_card_payment,0.34820085763931274,0.7125,80,0.0
cash_withdrawal_charge,declined_cash_withdrawal,0.7316076159477234,0.575,80,0.5
cash_withdrawal_charge,declined_transfer,0.30949488282203674,0.725,80,0.0
cash_withdrawal_charge,direct_debit_payment_not_recognised,0.27996519207954407,0.6875,80,0.0
cash_withdrawal_charge,disposable_card_limits,0.21747806668281555,0.825,80,0.0
cash_withdrawal_charge,edit_personal_details,0.03291071951389313,0.875,80,0.0
cash_withdrawal_charge,exchange_charge,0.48572707176208496,0.5375,80,0.25
cash_withdrawal_charge,exchange_rate,0.22292593121528625,0.8875,80,0.0
cash_withdrawal_charge,exchange_via_app,0.1674751192331314,0.5,80,0.0
cash_withdrawal_charge,extra_charge_on_statement,0.4086553454399109,0.725,80,0.16666666666666666
cash_withdrawal_charge,failed_transfer,0.2218489944934845,0.85,80,0.0
cash_withdrawal_charge,fiat_currency_support,0.1675594449043274,0.7125,80,0.0
cash_withdrawal_charge,get_disposable_virtual_card,0.14425279200077057,0.7333333333333333,120,0.0
cash_withdrawal_charge,get_physical_card,0.07369615882635117,0.4,80,0.0
cash_withdrawal_charge,getting_spare_card,0.17849254608154297,0.6125,80,0.0
cash_withdrawal_charge,high_value_transfer,0.16242684423923492,0.8,40,0.0
cash_withdrawal_charge,identity_verification_mobile_number,0.1309012919664383,0.8,40,0.0
cash_withdrawal_charge,incorrect_currency_received,0.2994624674320221,0.8,40,0.0
cash_withdrawal_charge,international_fee,0.2715566158294678,0.8,40,0.0
cash_withdrawal_charge,lost_or_stolen_card,0.27049580216407776,0.7,80,0.0
cash_withdrawal_charge,lost_or_stolen_phone,0.15887781977653503,0.7625,80,0.0
cash_withdrawal_charge,order_physical_card,0.10408919304609299,0.4875,80,0.0
cash_withdrawal_charge,passcode_forgotten,0.13756045699119568,0.875,80,0.0
cash_withdrawal_charge,pending_card_payment,0.31474000215530396,0.8375,80,0.0
cash_withdrawal_charge,pending_cash_withdrawal,0.7695086002349854,0.7125,80,0.5
cash_withdrawal_charge,pending_top_up,0.08959390223026276,0.7125,80,0.0
cash_withdrawal_charge,pending_transfer,0.2663763761520386,0.7375,80,0.0
cash_withdrawal_charge,reverted_card_payment,0.3699554204940796,0.7625,80,0.0
cash_withdrawal_charge,supported_cards_and_currencies,0.09950132668018341,0.5625,80,0.0
cash_withdrawal_charge,terminate_account,0.3682827353477478,0.9,80,0.0
cash_withdrawal_charge,top_up_by_bank_transfer_charge,0.41819947957992554,0.4875,80,0.125
cash_withdrawal_charge,top_up_by_card_charge,0.2942515015602112,0.65,80,0.14285714285714285
cash_withdrawal_charge,top_up_by_cash_or_cheque,0.3499220013618469,0.7625,80,0.125
cash_withdrawal_charge,top_up_failed,-0.024220217019319534,0.8,80,0.0
cash_withdrawal_charge,top_up_limits,0.028377261012792587,0.85,80,0.0
cash_withdrawal_charge,top_up_reverted,0.06110122427344322,0.7375,80,0.0
cash_withdrawal_charge,topping_up_by_card,0.11425875872373581,0.4,80,0.0
cash_withdrawal_charge,transaction_charged_twice,0.39615967869758606,0.8625,80,0.0
cash_withdrawal_charge,transfer_fee_charged,0.41998815536499023,0.825,80,0.0
cash_withdrawal_charge,transfer_into_account,0.35540181398391724,0.7625,80,0.0
cash_withdrawal_charge,transfer_not_received_by_recipient,0.21361947059631348,0.6,80,0.0
cash_withdrawal_charge,transfer_timing,0.14272338151931763,0.7875,80,0.0
cash_withdrawal_charge,unable_to_verify_identity,0.11875706166028976,0.5875,80,0.0
cash_withdrawal_charge,verify_my_identity,0.16492164134979248,0.8875,80,0.0
cash_withdrawal_charge,verify_source_of_funds,0.2272605448961258,0.8375,80,0.0
cash_withdrawal_charge,verify_top_up,0.02261684648692608,0.8875,80,0.0
cash_withdrawal_charge,virtual_card_not_working,0.02072000503540039,0.6125,80,0.0
cash_withdrawal_charge,visa_or_mastercard,0.1898047775030136,0.8625,80,0.0
cash_withdrawal_charge,why_is_card_on_the_way,0.12589547038078308,0.4,80,0.0
cash_withdrawal_charge,wrong_amount_of_cash_received,0.5702306032180786,0.7125,80,0.14285714285714285
cash_withdrawal_charge,wrong_exchange_rate_for_cash_withdrawal,0.6567022800445557,0.6625,80,0.2857142857142857
cash_withdrawal_charge,receiving_money,0.4113946557044983,0.55,80,0.0
cash_withdrawal_not_recognised,change_pin,0.24510347843170166,0.49166666666666664,120,0.0
cash_withdrawal_not_recognised,compromised_card,0.2764396071434021,0.375,120,0.0
cash_withdrawal_not_recognised,contactless_not_working,0.07795454561710358,0.44166666666666665,120,0.16666666666666666
cash_withdrawal_not_recognised,country_support,0.033436939120292664,0.2833333333333333,120,0.0
cash_withdrawal_not_recognised,declined_card_payment,0.35002565383911133,0.36666666666666664,120,0.0
cash_withdrawal_not_recognised,declined_cash_withdrawal,0.7597472071647644,0.275,120,0.4
cash_withdrawal_not_recognised,declined_transfer,0.30053022503852844,0.375,120,0.0
cash_withdrawal_not_recognised,direct_debit_payment_not_recognised,0.48640674352645874,0.35,120,0.2857142857142857
cash_withdrawal_not_recognised,disposable_card_limits,0.15192469954490662,0.44166666666666665,120,0.0
cash_withdrawal_not_recognised,edit_personal_details,-0.015879355370998383,0.475,120,0.0
cash_withdrawal_not_recognised,exchange_charge,0.18262065947055817,0.25,120,0.0
cash_withdrawal_not_recognised,exchange_rate,0.13405221700668335,0.48333333333333334,120,0.0
cash_withdrawal_not_recognised,exchange_via_app,0.12860867381095886,0.225,120,0.0
cash_withdrawal_not_recognised,extra_charge_on_statement,0.1730407178401947,0.375,120,0.0
cash_withdrawal_not_recognised,failed_transfer,0.3124043643474579,0.4583333333333333,120,0.0
cash_withdrawal_not_recognised,fiat_currency_support,0.19725234806537628,0.36666666666666664,120,0.0
cash_withdrawal_not_recognised,get_disposable_virtual_card,0.10977229475975037,0.46875,160,0.0
cash_withdrawal_not_recognised,get_physical_card,0.1229790449142456,0.15833333333333333,120,0.0
cash_withdrawal_not_recognised,getting_spare_card,0.14239028096199036,0.3,120,0.0
cash_withdrawal_not_recognised,high_value_transfer,0.10331502556800842,0.2375,80,0.0
cash_withdrawal_not_recognised,identity_verification_mobile_number,0.21502074599266052,0.2375,80,0.0
cash_withdrawal_not_recognised,incorrect_currency_received,0.4363776445388794,0.2375,80,0.0
cash_withdrawal_not_recognised,international_fee,0.07916529476642609,0.2375,80,0.0
cash_withdrawal_not_recognised,lost_or_stolen_card,0.27743399143218994,0.35833333333333334,120,0.0
cash_withdrawal_not_recognised,lost_or_stolen_phone,0.1476115882396698,0.4,120,0.0
cash_withdrawal_not_recognised,order_physical_card,0.1269705593585968,0.21666666666666667,120,0.0
cash_withdrawal_not_recognised,passcode_forgotten,0.2365632802248001,0.475,120,0.0
cash_withdrawal_not_recognised,pending_card_payment,0.3156166076660156,0.45,120,0.0
cash_withdrawal_not_recognised,pending_cash_withdrawal,0.7771509885787964,0.36666666666666664,120,0.4
cash_withdrawal_not_recognised,pending_top_up,0.10150060802698135,0.36666666666666664,120,0.0
cash_withdrawal_not_recognised,pending_transfer,0.2732815146446228,0.38333333333333336,120,0.0
cash_withdrawal_not_recognised,reverted_card_payment,0.39961111545562744,0.4,120,0.0
cash_withdrawal_not_recognised,supported_cards_and_currencies,0.17148317396640778,0.26666666666666666,120,0.0
cash_withdrawal_not_recognised,terminate_account,0.30769261717796326,0.49166666666666664,120,0.0
cash_withdrawal_not_recognised,top_up_by_bank_transfer_charge,0.22290974855422974,0.21666666666666667,120,0.0
cash_withdrawal_not_recognised,top_up_by_card_charge,0.10923609137535095,0.325,120,0.0
cash_withdrawal_not_recognised,top_up_by_cash_or_cheque,0.2546316981315613,0.4,120,0.1111111111111111
cash_withdrawal_not_recognised,top_up_failed,0.10429450869560242,0.425,120,0.0
cash_withdrawal_not_recognised,top_up_limits,-0.043753284960985184,0.4583333333333333,120,0.0
cash_withdrawal_not_recognised,top_up_reverted,0.13100066781044006,0.38333333333333336,120,0.0
cash_withdrawal_not_recognised,topping_up_by_card,0.05413045734167099,0.15833333333333333,120,0.0
cash_withdrawal_not_recognised,transaction_charged_twice,0.2658666968345642,0.4666666666666667,120,0.0
cash_withdrawal_not_recognised,transfer_fee_charged,0.1863577961921692,0.44166666666666665,120,0.0
cash_withdrawal_not_recognised,transfer_into_account,0.28164222836494446,0.4,120,0.0
cash_withdrawal_not_recognised,transfer_not_received_by_recipient,0.329495370388031,0.2916666666666667,120,0.125
cash_withdrawal_not_recognised,transfer_timing,0.07518040388822556,0.4166666666666667,120,0.0
cash_withdrawal_not_recognised,unable_to_verify_identity,0.36761578917503357,0.2833333333333333,120,0.0
cash_withdrawal_not_recognised,verify_my_identity,0.31201690435409546,0.48333333333333334,120,0.0
cash_withdrawal_not_recognised,verify_source_of_funds,0.3045727610588074,0.45,120,0.0
cash_withdrawal_not_recognised,verify_top_up,0.08319348841905594,0.48333333333333334,120,0.0
cash_withdrawal_not_recognised,virtual_card_not_working,0.16964091360569,0.3,120,0.14285714285714285
cash_withdrawal_not_recognised,visa_or_mastercard,0.19572626054286957,0.4666666666666667,120,0.0
cash_withdrawal_not_recognised,why_is_card_on_the_way,0.16824586689472198,0.15833333333333333,120,0.0
cash_withdrawal_not_recognised,wrong_amount_of_cash_received,0.6271836161613464,0.36666666666666664,120,0.125
cash_withdrawal_not_recognised,wrong_exchange_rate_for_cash_withdrawal,0.6673363447189331,0.3333333333333333,120,0.25
cash_withdrawal_not_recognised,receiving_money,0.3891104459762573,0.25833333333333336,120,0.0
change_pin,compromised_card,0.3242813050746918,0.825,80,0.0
change_pin,contactless_not_working,0.06462268531322479,0.925,80,0.0
change_pin,country_support,0.11348269879817963,0.6875,80,0.0
change_pin,declined_card_payment,0.22554248571395874,0.8125,80,0.0
change_pin,declined_cash_withdrawal,0.2458869218826294,0.675,80,0.0
change_pin,declined_transfer,0.12174813449382782,0.825,80,0.0
change_pin,direct_debit_payment_not_recognised,0.13846182823181152,0.7875,80,0.0
change_pin,disposable_card_limits,0.19056415557861328,0.925,80,0.0
change_pin,edit_personal_details,0.22097665071487427,0.975,80,0.0
change_pin,exchange_charge,0.08360335230827332,0.6375,80,0.0
change_pin,exchange_rate,0.10119768977165222,0.9875,80,0.0
change_pin,exchange_via_app,0.036503762006759644,0.6,80,0.0
change_pin,extra_charge_on_statement,0.11022748053073883,0.825,80,0.0
change_pin,failed_transfer,0.035808343440294266,0.95,80,0.0
change_pin,fiat_currency_support,0.1119764894247055,0.8125,80,0.0
change_pin,get_disposable_virtual_card,0.14843711256980896,0.8,120,0.0
change_pin,get_physical_card,0.17099501192569733,0.5,80,0.0
change_pin,getting_spare_card,0.19404198229312897,0.7125,80,0.0
change_pin,high_value_transfer,0.022392086684703827,1.0,40,0.0
change_pin,identity_verification_mobile_number,0.14086134731769562,1.0,40,0.0
change_pin,incorrect_currency_received,0.12236795574426651,1.0,40,0.0
change_pin,international_fee,0.11286953091621399,1.0,40,0.0
change_pin,lost_or_stolen_card,0.22414688766002655,0.8,80,0.0
change_pin,lost_or_stolen_phone,0.08647836744785309,0.8625,80,0.0
change_pin,order_physical_card,0.20702522993087769,0.5875,80,0.0
change_pin,passcode_forgotten,0.24862007796764374,0.975,80,0.0
change_pin,pending_card_payment,0.16582459211349487,0.9375,80,0.0
change_pin,pending_cash_withdrawal,0.19581454992294312,0.8125,80,0.0
change_pin,pending_top_up,0.041462242603302,0.8125,80,0.0
change_pin,pending_transfer,0.044512517750263214,0.8375,80,0.0
change_pin,reverted_card_payment,0.2936136722564697,0.8625,80,0.0
change_pin,supported_cards_and_currencies,0.15447074174880981,0.6625,80,0.0
change_pin,terminate_account,0.16834186017513275,1.0,80,0.0
change_pin,top_up_by_bank_transfer_charge,0.0532088577747345,0.5875,80,0.0
change_pin,top_up_by_card_charge,0.20431411266326904,0.75,80,0.0
change_pin,top_up_by_cash_or_cheque,0.03815346583724022,0.8625,80,0.0
change_pin,top_up_failed,0.05011151731014252,0.9,80,0.0
change_pin,top_up_limits,0.05459623783826828,0.95,80,0.0
change_pin,top_up_reverted,0.1593524068593979,0.8375,80,0.0
change_pin,topping_up_by_card,0.12045884877443314,0.5,80,0.0
change_pin,transaction_charged_twice,0.057452306151390076,0.9625,80,0.0
change_pin,transfer_fee_charged,0.05653595179319382,0.925,80,0.0
change_pin,transfer_into_account,0.16719679534435272,0.8625,80,0.0
change_pin,transfer_not_received_by_recipient,-0.0220893993973732,0.7,80,0.0
change_pin,transfer_timing,0.017520997673273087,0.8875,80,0.0
change_pin,unable_to_verify_identity,0.10497911274433136,0.6875,80,0.0
change_pin,verify_my_identity,0.14231052994728088,0.9875,80,0.0
change_pin,verify_source_of_funds,0.09048309922218323,0.9375,80,0.0
change_pin,verify_top_up,0.13368797302246094,0.9875,80,0.0
change_pin,virtual_card_not_working,0.14951029419898987,0.7125,80,0.0
change_pin,visa_or_mastercard,0.20327651500701904,0.9625,80,0.0
change_pin,why_is_card_on_the_way,0.2472427636384964,0.5,80,0.0
change_pin,wrong_amount_of_cash_received,0.15639588236808777,0.8125,80,0.0
change_pin,wrong_exchange_rate_for_cash_withdrawal,0.16371922194957733,0.7625,80,0.0
change_pin,receiving_money,0.104184590280056,0.65,80,0.0
compromised_card,contactless_not_working,0.07865110039710999,0.75,80,0.0
compromised_card,country_support,0.0678974837064743,0.5125,80,0.0
compromised_card,declined_card_payment,0.5260469913482666,0.6375,80,0.25
compromised_card,declined_cash_withdrawal,0.2551094889640808,0.5,80,0.0
compromised_card,declined_transfer,0.23608452081680298,0.65,80,0.0
compromised_card,direct_debit_payment_not_recognised,0.21452221274375916,0.6125,80,0.0
compromised_card,disposable_card_limits,0.42256101965904236,0.75,80,0.25
compromised_card,edit_personal_details,0.1876133382320404,0.8,80,0.0
compromised_card,exchange_charge,0.21209299564361572,0.4625,80,0.0
compromised_card,exchange_rate,0.06312009692192078,0.8125,80,0.0
compromised_card,exchange_via_app,0.09631000459194183,0.425,80,0.0
compromised_card,extra_charge_on_statement,0.21626979112625122,0.65,80,0.0
compromised_card,failed_transfer,0.2621484696865082,0.775,80,0.0
compromised_card,fiat_currency_support,0.12455353140830994,0.6375,80,0.0
compromised_card,get_disposable_virtual_card,0.44853436946868896,0.6833333333333333,120,0.2
compromised_card,get_physical_card,0.42256471514701843,0.325,80,0.25
compromised_card,getting_spare_card,0.5568176507949829,0.5375,80,0.25
compromised_card,high_value_transfer,0.13618753850460052,0.65,40,0.0
compromised_card,identity_verification_mobile_number,0.25033891201019287,0.65,40,0.0
compromised_card,incorrect_currency_received,0.29367634654045105,0.65,40,0.0
compromised_card,international_fee,0.1503654420375824,0.65,40,0.0
compromised_card,lost_or_stolen_card,0.6465085744857788,0.625,80,0.2
compromised_card,lost_or_stolen_phone,0.33241915702819824,0.6875,80,0.0
compromised_card,order_physical_card,0.4667434096336365,0.4125,80,0.25
compromised_card,passcode_forgotten,0.30579423904418945,0.8,80,0.0
compromised_card,pending_card_payment,0.5368142127990723,0.7625,80,0.25
compromised_card,pending_cash_withdrawal,0.2822689414024353,0.6375,80,0.0
compromised_card,pending_top_up,0.17439261078834534,0.6375,80,0.0
compromised_card,pending_transfer,0.243707537651062,0.6625,80,0.0
compromised_card,reverted_card_payment,0.6088475584983826,0.6875,80,0.25
compromised_card,supported_cards_and_currencies,0.30268383026123047,0.4875,80,0.0
compromised_card,terminate_account,0.2655113637447357,0.825,80,0.0
compromised_card,top_up_by_bank_transfer_charge,0.1474081128835678,0.4125,80,0.0
compromised_card,top_up_by_card_charge,0.4016069173812866,0.575,80,0.16666666666666666
compromised_card,top_up_by_cash_or_cheque,0.09861627221107483,0.6875,80,0.0
compromised_card,top_up_failed,0.12253611534833908,0.725,80,0.0
compromised_card,top_up_limits,0.07566871494054794,0.775,80,0.0
compromised_card,top_up_reverted,0.17777203023433685,0.6625,80,0.0
compromised_card,topping_up_by_card,0.39092496037483215,0.325,80,0.2
compromised_card,transaction_charged_twice,0.3291746973991394,0.7875,80,0.0
compromised_card,transfer_fee_charged,0.23059481382369995,0.75,80,0.0
compromised_card,transfer_into_account,0.22555232048034668,0.6875,80,0.0
compromised_card,transfer_not_received_by_recipient,0.17212526500225067,0.525,80,0.0
compromised_card,transfer_timing,0.04571284353733063,0.7125,80,0.0
compromised_card,unable_to_verify_identity,0.25849953293800354,0.5125,80,0.0
compromised_card,verify_my_identity,0.29319295287132263,0.8125,80,0.0
compromised_card,verify_source_of_funds,0.20047344267368317,0.7625,80,0.0
compromised_card,verify_top_up,0.14672911167144775,0.8125,80,0.0
compromised_card,virtual_card_not_working,0.4028168320655823,0.5375,80,0.2
compromised_card,visa_or_mastercard,0.41255486011505127,0.7875,80,0.0
compromised_card,why_is_card_on_the_way,0.4899337887763977,0.325,80,0.14285714285714285
compromised_card,wrong_amount_of_cash_received,0.27106162905693054,0.6375,80,0.0
compromised_card,wrong_exchange_rate_for_cash_withdrawal,0.14354704320430756,0.5875,80,0.0
compromised_card,receiving_money,0.2752838134765625,0.475,80,0.0
contactless_not_working,country_support,0.022194556891918182,0.6125,80,0.0
contactless_not_working,declined_card_payment,0.17358005046844482,0.7375,80,0.0
contactless_not_working,declined_cash_withdrawal,0.08034580945968628,0.6,80,0.0
contactless_not_working,declined_transfer,0.17301198840141296,0.75,80,0.0
contactless_not_working,direct_debit_payment_not_recognised,0.2305625081062317,0.7125,80,0.14285714285714285
contactless_not_working,disposable_card_limits,0.0341763012111187,0.85,80,0.0
contactless_not_working,edit_personal_details,0.10863932222127914,0.9,80,0.0
contactless_not_working,exchange_charge,0.05755329132080078,0.5625,80,0.0
contactless_not_working,exchange_rate,-0.0395299568772316,0.9125,80,0.0
contactless_not_working,exchange_via_app,0.11818628013134003,0.525,80,0.0
contactless_not_working,extra_charge_on_statement,0.06083736941218376,0.75,80,0.0
contactless_not_working,failed_transfer,0.1545865535736084,0.875,80,0.0
contactless_not_working,fiat_currency_support,-0.04115462675690651,0.7375,80,0.0
contactless_not_working,get_disposable_virtual_card,0.10975967347621918,0.75,120,0.0
contactless_not_working,get_physical_card,0.04217516630887985,0.425,80,0.0
contactless_not_working,getting_spare_card,0.07949724793434143,0.6375,80,0.0
contactless_not_working,high_value_transfer,-0.04661668464541435,0.85,40,0.0
contactless_not_working,identity_verification_mobile_number,0.13293835520744324,0.85,40,0.0
contactless_not_working,incorrect_currency_received,0.0436171293258667,0.85,40,0.0
contactless_not_working,international_fee,0.015073124319314957,0.85,40,0.0
contactless_not_working,lost_or_stolen_card,0.03507305681705475,0.725,80,0.0
contactless_not_working,lost_or_stolen_phone,0.1588587760925293,0.7875,80,0.0
contactless_not_working,order_physical_card,0.05662410333752632,0.5125,80,0.0
contactless_not_working,passcode_forgotten,0.11775574833154678,0.9,80,0.0
contactless_not_working,pending_card_payment,0.09578610956668854,0.8625,80,0.0
contactless_not_working,pending_cash_withdrawal,0.02243824675679207,0.7375,80,0.0
contactless_not_working,pending_top_up,0.07968706637620926,0.7375,80,0.0
contactless_not_working,pending_transfer,0.14002105593681335,0.7625,80,0.0
contactless_not_working,reverted_card_payment,0.08929634839296341,0.7875,80,0.0
contactless_not_working,supported_cards_and_currencies,-0.06361192464828491,0.5875,80,0.0
contactless_not_working,terminate_account,0.0033557843416929245,0.925,80,0.0
contactless_not_working,top_up_by_bank_transfer_charge,-0.006214566994458437,0.5125,80,0.0
contactless_not_working,top_up_by_card_charge,0.07942713797092438,0.675,80,0.0
contactless_not_working,top_up_by_cash_or_cheque,-0.1309141218662262,0.7875,80,0.0
contactless_not_working,top_up_failed,0.14957213401794434,0.825,80,0.0
contactless_not_working,top_up_limits,-0.07272457331418991,0.875,80,0.0
contactless_not_working,top_up_reverted,0.08519870787858963,0.7625,80,0.0
contactless_not_working,topping_up_by_card,0.0692899152636528,0.425,80,0.0
contactless_not_working,transaction_charged_twice,0.0658896192908287,0.8875,80,0.0
contactless_not_working,transfer_fee_charged,0.09542687237262726,0.85,80,0.0
contactless_not_working,transfer_into_account,0.027652237564325333,0.7875,80,0.0
contactless_not_working,transfer_not_received_by_recipient,0.29871153831481934,0.625,80,0.14285714285714285
contactless_not_working,transfer_timing,0.02984744682908058,0.8125,80,0.0
contactless_not_working,unable_to_verify_identity,0.10447435826063156,0.6125,80,0.0
contactless_not_working,verify_my_identity,0.026931993663311005,0.9125,80,0.0
contactless_not_working,verify_source_of_funds,-0.09433726221323013,0.8625,80,0.0
contactless_not_working,verify_top_up,0.04257568344473839,0.9125,80,0.0
contactless_not_working,virtual_card_not_working,0.23586055636405945,0.6375,80,0.4
contactless_not_working,visa_or_mastercard,-0.008483938872814178,0.8875,80,0.0
contactless_not_working,why_is_card_on_the_way,0.14498372375965118,0.425,80,0.0
contactless_not_working,wrong_amount_of_cash_received,0.030653851106762886,0.7375,80,0.0
contactless_not_working,wrong_exchange_rate_for_cash_withdrawal,-0.030916545540094376,0.6875,80,0.0
contactless_not_working,receiving_money,0.11119269579648972,0.575,80,0.0
country_support,declined_card_payment,0.05819283425807953,0.5,80,0.0
country_support,declined_cash_withdrawal,0.021731413900852203,0.3625,80,0.0
country_support,declined_transfer,0.09159434586763382,0.5125,80,0.0
country_support,direct_debit_payment_not_recognised,0.011277908459305763,0.475,80,0.0
country_support,disposable_card_limits,0.03584230691194534,0.6125,80,0.0
country_support,edit_personal_details,0.00857887975871563,0.6625,80,0.0
country_support,exchange_charge,0.07416509091854095,0.325,80,0.0
country_support,exchange_rate,0.1580638587474823,0.675,80,0.0
country_support,exchange_via_app,0.13047809898853302,0.2875,80,0.0
country_support,extra_charge_on_statement,0.004201510921120644,0.5125,80,0.0
country_support,failed_transfer,0.13845151662826538,0.6375,80,0.0
country_support,fiat_currency_support,0.4268750548362732,0.5,80,0.25
country_support,get_disposable_virtual_card,-0.0058644553646445274,0.5916666666666667,120,0.0
country_support,get_physical_card,0.0854373425245285,0.1875,80,0.0
country_support,getting_spare_card,0.1660088449716568,0.4,80,0.0
country_support,high_value_transfer,0.047818414866924286,0.375,40,0.0
country_support,identity_verification_mobile_number,0.09298267960548401,0.375,40,0.0
country_support,incorrect_currency_received,0.19277313351631165,0.375,40,0.0
country_support,international_fee,0.28769704699516296,0.375,40,0.0
country_support,lost_or_stolen_card,0.05465295910835266,0.4875,80,0.0
country_support,lost_or_stolen_phone,0.01325291395187378,0.55,80,0.0
country_support,order_physical_card,0.055133722722530365,0.275,80,0.0
country_support,passcode_forgotten,-0.003867754712700844,0.6625,80,0.0
country_support,pending_card_payment,0.11254839599132538,0.625,80,0.0
country_support,pending_cash_withdrawal,0.05444326251745224,0.5,80,0.0
country_support,pending_top_up,0.17818519473075867,0.5,80,0.0
country_support,pending_transfer,0.12869331240653992,0.525,80,0.0
country_support,reverted_card_payment,0.06246906518936157,0.55,80,0.0
country_support,supported_cards_and_currencies,0.40738943219184875,0.35,80,0.0
country_support,terminate_account,0.04071562737226486,0.6875,80,0.0
country_support,top_up_by_bank_transfer_charge,-0.007860139012336731,0.275,80,0.0
country_support,top_up_by_card_charge,0.06448544561862946,0.4375,80,0.0
country_support,top_up_by_cash_or_cheque,0.008945093490183353,0.55,80,0.0
country_support,top_up_failed,0.11172687262296677,0.5875,80,0.0
country_support,top_up_limits,0.10471074283123016,0.6375,80,0.0
country_support,top_up_reverted,0.10029346495866776,0.525,80,0.0
country_support,topping_up_by_card,0.1232089251279831,0.1875,80,0.0
country_support,transaction_charged_twice,-0.06067647039890289,0.65,80,0.0
country_support,transfer_fee_charged,-0.03732522204518318,0.6125,80,0.0
country_support,transfer_into_account,0.0703226700425148,0.55,80,0.0
country_support,transfer_not_received_by_recipient,-0.007393194828182459,0.3875,80,0.0
country_support,transfer_timing,-0.014767313376069069,0.575,80,0.0
country_support,unable_to_verify_identity,0.061786871403455734,0.375,80,0.0
country_support,verify_my_identity,0.09514585137367249,0.675,80,0.0
country_support,verify_source_of_funds,0.09787996113300323,0.625,80,0.0
country_support,verify_top_up,0.13007253408432007,0.675,80,0.0
country_support,virtual_card_not_working,0.014095671474933624,0.4,80,0.0
country_support,visa_or_mastercard,0.16285620629787445,0.65,80,0.0
country_support,why_is_card_on_the_way,0.14399360120296478,0.1875,80,0.0
country_support,wrong_amount_of_cash_received,0.00354127399623394,0.5,80,0.0
country_support,wrong_exchange_rate_for_cash_withdrawal,0.02351100742816925,0.45,80,0.0
country_support,receiving_money,0.13517875969409943,0.3375,80,0.0
declined_card_payment,declined_cash_withdrawal,0.6019555330276489,0.4875,80,0.2
declined_card_payment,declined_transfer,0.5895583033561707,0.6375,80,0.25
declined_card_payment,direct_debit_payment_not_recognised,0.41239291429519653,0.6,80,0.14285714285714285
declined_card_payment,disposable_card_limits,0.3455173373222351,0.7375,80,0.2
declined_card_payment,edit_personal_details,0.05987092852592468,0.7875,80,0.0
declined_card_payment,exchange_charge,0.22759519517421722,0.45,80,0.0
declined_card_payment,exchange_rate,0.08177390694618225,0.8,80,0.0
declined_card_payment,exchange_via_app,0.08039788901805878,0.4125,80,0.0
declined_card_payment,extra_charge_on_statement,0.20978623628616333,0.6375,80,0.0
declined_card_payment,failed_transfer,0.29642224311828613,0.7625,80,0.0
declined_card_payment,fiat_currency_support,0.10175280272960663,0.625,80,0.0
declined_card_payment,get_disposable_virtual_card,0.3159996569156647,0.675,120,0.16666666666666666
declined_card_payment,get_physical_card,0.2953842878341675,0.3125,80,0.2
declined_card_payment,getting_spare_card,0.382475346326828,0.525,80,0.2
declined_card_payment,high_value_transfer,0.05947204306721687,0.625,40,0.0
declined_card_payment,identity_verification_mobile_number,0.16665229201316833,0.625,40,0.0
declined_card_payment,incorrect_currency_received,0.28295090794563293,0.625,40,0.0
declined_card_payment,international_fee,0.22639743983745575,0.625,40,0.0
declined_card_payment,lost_or_stolen_card,0.44348573684692383,0.6125,80,0.16666666666666666
declined_card_payment,lost_or_stolen_phone,0.14517180621623993,0.675,80,0.0
declined_card_payment,order_physical_card,0.4091854393482208,0.4,80,0.2
declined_card_payment,passcode_forgotten,0.15481293201446533,0.7875,80,0.0
declined_card_payment,pending_card_payment,0.6691070795059204,0.75,80,0.5
declined_card_payment,pending_cash_withdrawal,0.3425290584564209,0.625,80,0.0
declined_card_payment,pending_top_up,0.10423310101032257,0.625,80,0.0
declined_card_payment,pending_transfer,0.31118839979171753,0.65,80,0.0
declined_card_payment,reverted_card_payment,0.76646488904953,0.675,80,0.5
declined_card_payment,supported_cards_and_currencies,0.28748247027397156,0.475,80,0.0
declined_card_payment,terminate_account,0.2351807802915573,0.8125,80,0.0
declined_card_payment,top_up_by_bank_transfer_charge,0.1151316910982132,0.4,80,0.0
declined_card_payment,top_up_by_card_charge,0.26411372423171997,0.5625,80,0.14285714285714285
declined_card_payment,top_up_by_cash_or_cheque,0.09575729817152023,0.675,80,0.0
declined_card_payment,top_up_failed,0.007512114942073822,0.7125,80,0.0
declined_card_payment,top_up_limits,-0.034049563109874725,0.7625,80,0.0
declined_card_payment,top_up_reverted,0.0561111718416214,0.65,80,0.0
declined_card_payment,topping_up_by_card,0.25096267461776733,0.3125,80,0.16666666666666666
declined_card_payment,transaction_charged_twice,0.28289544582366943,0.775,80,0.0
declined_card_payment,transfer_fee_charged,0.30670779943466187,0.7375,80,0.0
declined_card_payment,transfer_into_account,0.1424746811389923,0.675,80,0.0
declined_card_payment,transfer_not_received_by_recipient,0.24749314785003662,0.5125,80,0.0
declined_card_payment,transfer_timing,0.03683153912425041,0.7,80,0.0
declined_card_payment,unable_to_verify_identity,0.17118121683597565,0.5,80,0.0
declined_card_payment,verify_my_identity,0.17948034405708313,0.8,80,0.0
declined_card_payment,verify_source_of_funds,0.18079540133476257,0.75,80,0.0
declined_card_payment,verify_top_up,-0.015610376372933388,0.8,80,0.0
declined_card_payment,virtual_card_not_working,0.33769649267196655,0.525,80,0.16666666666666666
declined_card_payment,visa_or_mastercard,0.39733558893203735,0.775,80,0.0
declined_card_payment,why_is_card_on_the_way,0.32609957456588745,0.3125,80,0.125
declined_card_payment,wrong_amount_of_cash_received,0.3588441014289856,0.625,80,0.0
declined_card_payment,wrong_exchange_rate_for_cash_withdrawal,0.23499786853790283,0.575,80,0.0
declined_card_payment,receiving_money,0.3119080066680908,0.4625,80,0.0
declined_cash_withdrawal,declined_transfer,0.6036860942840576,0.5,80,0.25
declined_cash_withdrawal,direct_debit_payment_not_recognised,0.28395354747772217,0.4625,80,0.0
declined_cash_withdrawal,disposable_card_limits,0.20279201865196228,0.6,80,0.0
declined_cash_withdrawal,edit_personal_details,0.07957145571708679,0.65,80,0.0
declined_cash_withdrawal,exchange_charge,0.19382663071155548,0.3125,80,0.0
declined_cash_withdrawal,exchange_rate,0.1313084065914154,0.6625,80,0.0
declined_cash_withdrawal,exchange_via_app,0.13415856659412384,0.275,80,0.0
declined_cash_withdrawal,extra_charge_on_statement,0.1551816761493683,0.5,80,0.0
declined_cash_withdrawal,failed_transfer,0.30068105459213257,0.625,80,0.0
declined_cash_withdrawal,fiat_currency_support,0.15781159698963165,0.4875,80,0.0
declined_cash_withdrawal,get_disposable_virtual_card,0.14427770674228668,0.5833333333333334,120,0.0
declined_cash_withdrawal,get_physical_card,0.05647812783718109,0.175,80,0.0
declined_cash_withdrawal,getting_spare_card,0.12111438810825348,0.3875,80,0.0
declined_cash_withdrawal,high_value_transfer,0.15028263628482819,0.35,40,0.0
declined_cash_withdrawal,identity_verification_mobile_number,0.11599260568618774,0.35,40,0.0
declined_cash_withdrawal,incorrect_currency_received,0.298458993434906,0.35,40,0.0
declined_cash_withdrawal,international_fee,0.08413971215486526,0.35,40,0.0
declined_cash_withdrawal,lost_or_stolen_card,0.25646427273750305,0.475,80,0.0
declined_cash_withdrawal,lost_or_stolen_phone,0.14534993469715118,0.5375,80,0.0
declined_cash_withdrawal,order_physical_card,0.08128251880407333,0.2625,80,0.0
declined_cash_withdrawal,passcode_forgotten,0.15001501142978668,0.65,80,0.0
declined_cash_withdrawal,pending_card_payment,0.2857193946838379,0.6125,80,0.0
declined_cash_withdrawal,pending_cash_withdrawal,0.7569652795791626,0.4875,80,0.5
declined_cash_withdrawal,pending_top_up,0.14403435587882996,0.4875,80,0.0
declined_cash_withdrawal,pending_transfer,0.3084433674812317,0.5125,80,0.0
declined_cash_withdrawal,reverted_card_payment,0.41877540946006775,0.5375,80,0.0
declined_cash_withdrawal,supported_cards_and_currencies,0.08997634798288345,0.3375,80,0.0
declined_cash_withdrawal,terminate_account,0.3553353548049927,0.675,80,0.0
declined_cash_withdrawal,top_up_by_bank_transfer_charge,0.14723904430866241,0.2625,80,0.0
declined_cash_withdrawal,top_up_by_card_charge,0.05635606497526169,0.425,80,0.0
declined_cash_withdrawal,top_up_by_cash_or_cheque,0.22448700666427612,0.5375,80,0.125
declined_cash_withdrawal,top_up_failed,0.04279792308807373,0.575,80,0.0
declined_cash_withdrawal,top_up_limits,0.029801592230796814,0.625,80,0.0
declined_cash_withdrawal,top_up_reverted,0.12834374606609344,0.5125,80,0.0
declined_cash_withdrawal,topping_up_by_card,0.043683186173439026,0.175,80,0.0
declined_cash_withdrawal,transaction_charged_twice,0.18222962319850922,0.6375,80,0.0
declined_cash_withdrawal,transfer_fee_charged,0.1807422935962677,0.6,80,0.0
declined_cash_withdrawal,transfer_into_account,0.2251443862915039,0.5375,80,0.0
declined_cash_withdrawal,transfer_not_received_by_recipient,0.23148810863494873,0.375,80,0.0
declined_cash_withdrawal,transfer_timing,0.06968158483505249,0.5625,80,0.0
declined_cash_withdrawal,unable_to_verify_identity,0.15139444172382355,0.3625,80,0.0
declined_cash_withdrawal,verify_my_identity,0.1688051074743271,0.6625,80,0.0
declined_cash_withdrawal,verify_source_of_funds,0.22684922814369202,0.6125,80,0.0
declined_cash_withdrawal,verify_top_up,0.01296434085816145,0.6625,80,0.0
declined_cash_withdrawal,virtual_card_not_working,0.05025129020214081,0.3875,80,0.0
declined_cash_withdrawal,visa_or_mastercard,0.17259246110916138,0.6375,80,0.0
declined_cash_withdrawal,why_is_card_on_the_way,0.11083291471004486,0.175,80,0.0
declined_cash_withdrawal,wrong_amount_of_cash_received,0.5197538137435913,0.4875,80,0.14285714285714285
declined_cash_withdrawal,wrong_exchange_rate_for_cash_withdrawal,0.5899361968040466,0.4375,80,0.2857142857142857
declined_cash_withdrawal,receiving_money,0.36236703395843506,0.325,80,0.0
declined_transfer,direct_debit_payment_not_recognised,0.26351019740104675,0.6125,80,0.0
declined_transfer,disposable_card_limits,0.08626051992177963,0.75,80,0.0
declined_transfer,edit_personal_details,0.10216670483350754,0.8,80,0.0
declined_transfer,exchange_charge,0.355415016412735,0.4625,80,0.0
declined_transfer,exchange_rate,0.2080666720867157,0.8125,80,0.0
declined_transfer,exchange_via_app,0.18131078779697418,0.425,80,0.0
declined_transfer,extra_charge_on_statement,0.1874026656150818,0.65,80,0.0
declined_transfer,failed_transfer,0.6780216097831726,0.775,80,0.3333333333333333
declined_transfer,fiat_currency_support,0.10651782155036926,0.6375,80,0.0
declined_transfer,get_disposable_virtual_card,0.07059978693723679,0.6833333333333333,120,0.0
declined_transfer,get_physical_card,0.060197412967681885,0.325,80,0.0
declined_transfer,getting_spare_card,0.11348654329776764,0.5375,80,0.0
declined_transfer,high_value_transfer,0.4876672625541687,0.65,40,0.25
declined_transfer,identity_verification_mobile_number,0.135026752948761,0.65,40,0.0
declined_transfer,incorrect_currency_received,0.31045442819595337,0.65,40,0.0
declined_transfer,international_fee,0.2223532497882843,0.65,40,0.0
declined_transfer,lost_or_stolen_card,0.26169487833976746,0.625,80,0.0
declined_transfer,lost_or_stolen_phone,0.14530326426029205,0.6875,80,0.0
declined_transfer,order_physical_card,0.12398094683885574,0.4125,80,0.0
declined_transfer,passcode_forgotten,0.08733250200748444,0.8,80,0.0
declined_transfer,pending_card_payment,0.2146289050579071,0.7625,80,0.0
declined_transfer,pending_cash_withdrawal,0.2948668897151947,0.6375,80,0.0
declined_transfer,pending_top_up,0.16669689118862152,0.6375,80,0.0
declined_transfer,pending_transfer,0.6255069375038147,0.6625,80,0.3333333333333333
declined_transfer,reverted_card_payment,0.39332783222198486,0.6875,80,0.0
declined_transfer,supported_cards_and_currencies,0.08930458873510361,0.4875,80,0.0
declined_transfer,terminate_account,0.22639138996601105,0.825,80,0.0
declined_transfer,top_up_by_bank_transfer_charge,0.27802395820617676,0.4125,80,0.14285714285714285
declined_transfer,top_up_by_card_charge,0.05122677981853485,0.575,80,0.0
declined_transfer,top_up_by_cash_or_cheque,0.06484192609786987,0.6875,80,0.0
declined_transfer,top_up_failed,0.08407516777515411,0.725,80,0.0
declined_transfer,top_up_limits,0.03531789779663086,0.775,80,0.0
declined_transfer,top_up_reverted,0.16113805770874023,0.6625,80,0.0
declined_transfer,topping_up_by_card,-0.02500780299305916,0.325,80,0.0
declined_transfer,transaction_charged_twice,0.22445407509803772,0.7875,80,0.0
declined_transfer,transfer_fee_charged,0.5323589444160461,0.75,80,0.25
declined_transfer,transfer_into_account,0.46087732911109924,0.6875,80,0.25
declined_transfer,transfer_not_received_by_recipient,0.5572813153266907,0.525,80,0.16666666666666666
declined_transfer,transfer_timing,0.4226096570491791,0.7125,80,0.3333333333333333
declined_transfer,unable_to_verify_identity,0.16505800187587738,0.5125,80,0.0
declined_transfer,verify_my_identity,0.18167681992053986,0.8125,80,0.0
declined_transfer,verify_source_of_funds,0.18719346821308136,0.7625,80,0.0
declined_transfer,verify_top_up,0.06808078289031982,0.8125,80,0.0
declined_transfer,virtual_card_not_working,0.023062048479914665,0.5375,80,0.0
declined_transfer,visa_or_mastercard,0.16320353746414185,0.7875,80,0.0
declined_transfer,why_is_card_on_the_way,0.0660795122385025,0.325,80,0.0
declined_transfer,wrong_amount_of_cash_received,0.23916533589363098,0.6375,80,0.0
declined_transfer,wrong_exchange_rate_for_cash_withdrawal,0.29093635082244873,0.5875,80,0.0
declined_transfer,receiving_money,0.2979440689086914,0.475,80,0.0
direct_debit_payment_not_recognised,disposable_card_limits,0.11181475222110748,0.7125,80,0.0
direct_debit_payment_not_recognised,edit_personal_details,-0.01738877221941948,0.7625,80,0.0
direct_debit_payment_not_recognised,exchange_charge,0.26338282227516174,0.425,80,0.0
direct_debit_payment_not_recognised,exchange_rate,0.15591904520988464,0.775,80,0.0
direct_debit_payment_not_recognised,exchange_via_app,0.1518028974533081,0.3875,80,0.0
direct_debit_payment_not_recognised,extra_charge_on_statement,0.24499575793743134,0.6125,80,0.0
direct_debit_payment_not_recognised,failed_transfer,0.2887437343597412,0.7375,80,0.0
direct_debit_payment_not_recognised,fiat_currency_support,0.1743028163909912,0.6,80,0.0
direct_debit_payment_not_recognised,get_disposable_virtual_card,0.13207855820655823,0.6583333333333333,120,0.0
direct_debit_payment_not_recognised,get_physical_card,0.11188492178916931,0.2875,80,0.0
direct_debit_payment_not_recognised,getting_spare_card,0.11755005270242691,0.5,80,0.0
direct_debit_payment_not_recognised,high_value_transfer,0.11215478181838989,0.575,40,0.0
direct_debit_payment_not_recognised,identity_verification_mobile_number,0.14734560251235962,0.575,40,0.0
direct_debit_payment_not_recognised,incorrect_currency_received,0.3976004421710968,0.575,40,0.0
direct_debit_payment_not_recognised,international_fee,0.23506765067577362,0.575,40,0.0
direct_debit_payment_not_recognised,lost_or_stolen_card,0.1575661450624466,0.5875,80,0.0
direct_debit_payment_not_recognised,lost_or_stolen_phone,0.03436378389596939,0.65,80,0.0
direct_debit_payment_not_recognised,order_physical_card,0.19873186945915222,0.375,80,0.0
direct_debit_payment_not_recognised,passcode_forgotten,0.21249932050704956,0.7625,80,0.0
direct_debit_payment_not_recognised,pending_card_payment,0.42694368958473206,0.725,80,0.14285714285714285
direct_debit_payment_not_recognised,pending_cash_withdrawal,0.28557002544403076,0.6,80,0.0
direct_debit_payment_not_recognised,pending_top_up,0.0783671885728836,0.6,80,0.0
direct_debit_payment_not_recognised,pending_transfer,0.3003513813018799,0.625,80,0.0
direct_debit_payment_not_recognised,reverted_card_payment,0.43894582986831665,0.65,80,0.14285714285714285
direct_debit_payment_not_recognised,supported_cards_and_currencies,0.22122296690940857,0.45,80,0.0
direct_debit_payment_not_recognised,terminate_account,0.09514302015304565,0.7875,80,0.0
direct_debit_payment_not_recognised,top_up_by_bank_transfer_charge,0.24352529644966125,0.375,80,0.0
direct_debit_payment_not_recognised,top_up_by_card_charge,0.13027794659137726,0.5375,80,0.0
direct_debit_payment_not_recognised,top_up_by_cash_or_cheque,0.09569348394870758,0.65,80,0.0
direct_debit_payment_not_recognised,top_up_failed,0.06613163650035858,0.6875,80,0.0
direct_debit_payment_not_recognised,top_up_limits,-0.1162000223994255,0.7375,80,0.0
direct_debit_payment_not_recognised,top_up_reverted,0.05213379114866257,0.625,80,0.0
direct_debit_payment_not_recognised,topping_up_by_card,0.05530288815498352,0.2875,80,0.0
direct_debit_payment_not_recognised,transaction_charged_twice,0.3224036395549774,0.75,80,0.0
direct_debit_payment_not_recognised,transfer_fee_charged,0.3137598931789398,0.7125,80,0.0
direct_debit_payment_not_recognised,transfer_into_account,0.23638775944709778,0.65,80,0.0
direct_debit_payment_not_recognised,transfer_not_received_by_recipient,0.3620030879974365,0.4875,80,0.1111111111111111
direct_debit_payment_not_recognised,transfer_timing,0.08982859551906586,0.675,80,0.0
direct_debit_payment_not_recognised,unable_to_verify_identity,0.31335216760635376,0.475,80,0.0
direct_debit_payment_not_recognised,verify_my_identity,0.2214812934398651,0.775,80,0.0
direct_debit_payment_not_recognised,verify_source_of_funds,0.20372727513313293,0.725,80,0.0
direct_debit_payment_not_recognised,verify_top_up,0.01567368023097515,0.775,80,0.0
direct_debit_payment_not_recognised,virtual_card_not_working,0.2600499093532562,0.5,80,0.125
direct_debit_payment_not_recognised,visa_or_mastercard,0.23470288515090942,0.75,80,0.0
direct_debit_payment_not_recognised,why_is_card_on_the_way,0.10397309064865112,0.2875,80,0.0
direct_debit_payment_not_recognised,wrong_amount_of_cash_received,0.35676831007003784,0.6,80,0.0
direct_debit_payment_not_recognised,wrong_exchange_rate_for_cash_withdrawal,0.28719112277030945,0.55,80,0.0
direct_debit_payment_not_recognised,receiving_money,0.27657729387283325,0.4375,80,0.0
disposable_card_limits,edit_personal_details,0.047051385045051575,0.9,80,0.0
disposable_card_limits,exchange_charge,0.10859690606594086,0.5625,80,0.0
disposable_card_limits,exchange_rate,-0.04112657904624939,0.9125,80,0.0
disposable_card_limits,exchange_via_app,-0.0034971609711647034,0.525,80,0.0
disposable_card_limits,extra_charge_on_statement,0.15060192346572876,0.75,80,0.0
disposable_card_limits,failed_transfer,0.05331755056977272,0.875,80,0.0
disposable_card_limits,fiat_currency_support,0.14991292357444763,0.7375,80,0.0
disposable_card_limits,get_disposable_virtual_card,0.5727876424789429,0.75,120,0.4
disposable_card_limits,get_physical_card,0.4486314058303833,0.425,80,0.2
disposable_card_limits,getting_spare_card,0.5265706181526184,0.6375,80,0.2
disposable_card_limits,high_value_transfer,0.13085196912288666,0.85,40,0.0
disposable_card_limits,identity_verification_mobile_number,0.07806794345378876,0.85,40,0.0
disposable_card_limits,incorrect_currency_received,-0.00897801574319601,0.85,40,0.0
disposable_card_limits,international_fee,0.1318029761314392,0.85,40,0.0
disposable_card_limits,lost_or_stolen_card,0.41077083349227905,0.725,80,0.16666666666666666
disposable_card_limits,lost_or_stolen_phone,0.07870505005121231,0.7875,80,0.0
disposable_card_limits,order_physical_card,0.4381497800350189,0.5125,80,0.2
disposable_card_limits,passcode_forgotten,0.09779499471187592,0.9,80,0.0
disposable_card_limits,pending_card_payment,0.31244421005249023,0.8625,80,0.2
disposable_card_limits,pending_cash_withdrawal,0.16313479840755463,0.7375,80,0.0
disposable_card_limits,pending_top_up,-0.0024649566039443016,0.7375,80,0.0
disposable_card_limits,pending_transfer,0.026459528133273125,0.7625,80,0.0
disposable_card_limits,reverted_card_payment,0.31098252534866333,0.7875,80,0.2
disposable_card_limits,supported_cards_and_currencies,0.39339330792427063,0.5875,80,0.0
disposable_card_limits,terminate_account,0.18936941027641296,0.925,80,0.0
disposable_card_limits,top_up_by_bank_transfer_charge,0.06869643926620483,0.5125,80,0.0
disposable_card_limits,top_up_by_card_charge,0.35583579540252686,0.675,80,0.14285714285714285
disposable_card_limits,top_up_by_cash_or_cheque,0.13111922144889832,0.7875,80,0.0
disposable_card_limits,top_up_failed,-0.004687328822910786,0.825,80,0.0
disposable_card_limits,top_up_limits,0.405682235956192,0.875,80,0.2
disposable_card_limits,top_up_reverted,-0.021219762042164803,0.7625,80,0.0
disposable_card_limits,topping_up_by_card,0.3783084750175476,0.425,80,0.16666666666666666
disposable_card_limits,transaction_charged_twice,0.09574925899505615,0.8875,80,0.0
disposable_card_limits,transfer_fee_charged,0.07245014607906342,0.85,80,0.0
disposable_card_limits,transfer_into_account,0.1335572451353073,0.7875,80,0.0
disposable_card_limits,transfer_not_received_by_recipient,-0.01901925355195999,0.625,80,0.0
disposable_card_limits,transfer_timing,0.014510734006762505,0.8125,80,0.0
disposable_card_limits,unable_to_verify_identity,-0.030063902959227562,0.6125,80,0.0
disposable_card_limits,verify_my_identity,-0.001677580177783966,0.9125,80,0.0
disposable_card_limits,verify_source_of_funds,0.10273360460996628,0.8625,80,0.0
disposable_card_limits,verify_top_up,-0.021196048706769943,0.9125,80,0.0
disposable_card_limits,virtual_card_not_working,0.24652260541915894,0.6375,80,0.16666666666666666
disposable_card_limits,visa_or_mastercard,0.39484626054763794,0.8875,80,0.0
disposable_card_limits,why_is_card_on_the_way,0.3482311964035034,0.425,80,0.125
disposable_card_limits,wrong_amount_of_cash_received,0.1301572024822235,0.7375,80,0.0
disposable_card_limits,wrong_exchange_rate_for_cash_withdrawal,0.040817275643348694,0.6875,80,0.0
disposable_card_limits,receiving_money,0.11377806961536407,0.575,80,0.0
edit_personal_details,exchange_charge,0.09325248003005981,0.6125,80,0.0
edit_personal_details,exchange_rate,0.054184067994356155,0.9625,80,0.0
edit_personal_details,exchange_via_app,0.141446053981781,0.575,80,0.0
edit_personal_details,extra_charge_on_statement,0.1604556292295456,0.8,80,0.0
edit_personal_details,failed_transfer,0.013844048604369164,0.925,80,0.0
edit_personal_details,fiat_currency_support,0.006873316131532192,0.7875,80,0.0
edit_personal_details,get_disposable_virtual_card,-0.02879227325320244,0.7833333333333333,120,0.0
edit_personal_details,get_physical_card,0.13924868404865265,0.475,80,0.0
edit_personal_details,getting_spare_card,0.0011666994541883469,0.6875,80,0.0
edit_personal_details,high_value_transfer,0.02546081133186817,0.95,40,0.0
edit_personal_details,identity_verification_mobile_number,0.29986372590065,0.95,40,0.0
edit_personal_details,incorrect_currency_received,0.06675134599208832,0.95,40,0.0
edit_personal_details,international_fee,0.10884858667850494,0.95,40,0.0
edit_personal_details,lost_or_stolen_card,0.11795331537723541,0.775,80,0.0
edit_personal_details,lost_or_stolen_phone,0.16851116716861725,0.8375,80,0.0
edit_personal_details,order_physical_card,0.14363694190979004,0.5625,80,0.0
edit_personal_details,passcode_forgotten,0.13634684681892395,0.95,80,0.0
edit_personal_details,pending_card_payment,-0.022922039031982422,0.9125,80,0.0
edit_personal_details,pending_cash_withdrawal,-0.0030741742812097073,0.7875,80,0.0
edit_personal_details,pending_top_up,0.0003309156745672226,0.7875,80,0.0
edit_personal_details,pending_transfer,0.026364628225564957,0.8125,80,0.0
edit_personal_details,reverted_card_payment,0.09588731825351715,0.8375,80,0.0
edit_personal_details,supported_cards_and_currencies,0.0132405124604702,0.6375,80,0.0
edit_personal_details,terminate_account,0.19475963711738586,0.975,80,0.0
edit_personal_details,top_up_by_bank_transfer_charge,0.008123589679598808,0.5625,80,0.0
edit_personal_details,top_up_by_card_charge,0.01687568798661232,0.725,80,0.0
edit_personal_details,top_up_by_cash_or_cheque,0.005257636308670044,0.8375,80,0.0
edit_personal_details,top_up_failed,-0.045239225029945374,0.875,80,0.0
edit_personal_details,top_up_limits,0.04657282680273056,0.925,80,0.0
edit_personal_details,top_up_reverted,0.06396426260471344,0.8125,80,0.0
edit_personal_details,topping_up_by_card,-0.003240741789340973,0.475,80,0.0
edit_personal_details,transaction_charged_twice,0.06671799719333649,0.9375,80,0.0
edit_personal_details,transfer_fee_charged,0.048576802015304565,0.9,80,0.0
edit_personal_details,transfer_into_account,0.26358646154403687,0.8375,80,0.0
edit_personal_details,transfer_not_received_by_recipient,0.03259647265076637,0.675,80,0.0
edit_personal_details,transfer_timing,-0.006846900098025799,0.8625,80,0.0
edit_personal_details,unable_to_verify_identity,0.21377786993980408,0.6625,80,0.0
edit_personal_details,verify_my_identity,0.31550487875938416,0.9625,80,0.0
edit_personal_details,verify_source_of_funds,-0.0021234024316072464,0.9125,80,0.0
edit_personal_details,verify_top_up,0.08078522980213165,0.9625,80,0.0
edit_personal_details,virtual_card_not_working,-0.030783647671341896,0.6875,80,0.0
edit_personal_details,visa_or_mastercard,0.11998113989830017,0.9375,80,0.0
edit_personal_details,why_is_card_on_the_way,-0.03479916602373123,0.475,80,0.0
edit_personal_details,wrong_amount_of_cash_received,0.07218774408102036,0.7875,80,0.0
edit_personal_details,wrong_exchange_rate_for_cash_withdrawal,0.008584700524806976,0.7375,80,0.0
edit_personal_details,receiving_money,0.04425350949168205,0.625,80,0.0
exchange_charge,exchange_rate,0.5840429067611694,0.625,80,0.3333333333333333
exchange_charge,exchange_via_app,0.5259799361228943,0.2375,80,0.25
exchange_charge,extra_charge_on_statement,0.5201696157455444,0.4625,80,0.2
exchange_charge,failed_transfer,0.28156113624572754,0.5875,80,0.0
exchange_charge,fiat_currency_support,0.2591160237789154,0.45,80,0.0
exchange_charge,get_disposable_virtual_card,0.08553820103406906,0.5583333333333333,120,0.0
exchange_charge,get_physical_card,0.06406550109386444,0.1375,80,0.0
exchange_charge,getting_spare_card,0.17269298434257507,0.35,80,0.0
exchange_charge,high_value_transfer,0.2961641550064087,0.275,40,0.0
exchange_charge,identity_verification_mobile_number,0.07143409550189972,0.275,40,0.0
exchange_charge,incorrect_currency_received,0.3851456940174103,0.275,40,0.0
exchange_charge,international_fee,0.5544411540031433,0.275,40,0.0
exchange_charge,lost_or_stolen_card,0.1747719645500183,0.4375,80,0.0
exchange_charge,lost_or_stolen_phone,0.09635347127914429,0.5,80,0.0
exchange_charge,order_physical_card,0.18371233344078064,0.225,80,0.0
exchange_charge,passcode_forgotten,0.050864871591329575,0.6125,80,0.0
exchange_charge,pending_card_payment,0.227911114692688,0.575,80,0.0
exchange_charge,pending_cash_withdrawal,0.20696096122264862,0.45,80,0.0
exchange_charge,pending_top_up,0.13909046351909637,0.45,80,0.0
exchange_charge,pending_transfer,0.35230106115341187,0.475,80,0.0
exchange_charge,reverted_card_payment,0.2904653549194336,0.5,80,0.0
exchange_charge,supported_cards_and_currencies,0.2430579662322998,0.3,80,0.0
exchange_charge,terminate_account,0.1658109724521637,0.6375,80,0.0
exchange_charge,top_up_by_bank_transfer_charge,0.49804750084877014,0.225,80,0.14285714285714285
exchange_charge,top_up_by_card_charge,0.3721221685409546,0.3875,80,0.16666666666666666
exchange_charge,top_up_by_cash_or_cheque,0.26040035486221313,0.5,80,0.0
exchange_charge,top_up_failed,-0.0020940788090229034,0.5375,80,0.0
exchange_charge,top_up_limits,0.02840455062687397,0.5875,80,0.0
exchange_charge,top_up_reverted,0.06346270442008972,0.475,80,0.0
exchange_charge,topping_up_by_card,0.12407843768596649,0.1375,80,0.0
exchange_charge,transaction_charged_twice,0.4640042185783386,0.6,80,0.0
exchange_charge,transfer_fee_charged,0.6218624114990234,0.5625,80,0.0
exchange_charge,transfer_into_account,0.4207725524902344,0.5,80,0.0
exchange_charge,transfer_not_received_by_recipient,0.36500442028045654,0.3375,80,0.0
exchange_charge,transfer_timing,0.2838364839553833,0.525,80,0.0
exchange_charge,unable_to_verify_identity,0.09621232748031616,0.325,80,0.0
exchange_charge,verify_my_identity,0.14628678560256958,0.625,80,0.0
exchange_charge,verify_source_of_funds,0.11009960621595383,0.575,80,0.0
exchange_charge,verify_top_up,0.06849763542413712,0.625,80,0.0
exchange_charge,virtual_card_not_working,0.011463157832622528,0.35,80,0.0
exchange_charge,visa_or_mastercard,0.27328839898109436,0.6,80,0.0
exchange_charge,why_is_card_on_the_way,0.06375205516815186,0.1375,80,0.0
exchange_charge,wrong_amount_of_cash_received,0.27652332186698914,0.45,80,0.0
exchange_charge,wrong_exchange_rate_for_cash_withdrawal,0.40815019607543945,0.4,80,0.14285714285714285
exchange_charge,receiving_money,0.3580848276615143,0.2875,80,0.0
exchange_rate,exchange_via_app,0.4037763178348541,0.5875,80,0.25
exchange_rate,extra_charge_on_statement,0.11790357530117035,0.8125,80,0.0
exchange_rate,failed_transfer,0.19952639937400818,0.9375,80,0.0
exchange_rate,fiat_currency_support,0.48191767930984497,0.8,80,0.0
exchange_rate,get_disposable_virtual_card,-0.044055595993995667,0.7916666666666666,120,0.0
exchange_rate,get_physical_card,-0.007287312299013138,0.4875,80,0.0
exchange_rate,getting_spare_card,0.05996568500995636,0.7,80,0.0
exchange_rate,high_value_transfer,0.29021748900413513,0.975,40,0.0
exchange_rate,identity_verification_mobile_number,0.010816742666065693,0.975,40,0.0
exchange_rate,incorrect_currency_received,0.5177558064460754,0.975,40,0.0
exchange_rate,international_fee,0.4814961850643158,0.975,40,0.0
exchange_rate,lost_or_stolen_card,0.0443979874253273,0.7875,80,0.0
exchange_rate,lost_or_stolen_phone,-0.028347065672278404,0.85,80,0.0
exchange_rate,order_physical_card,0.032965775579214096,0.575,80,0.0
exchange_rate,passcode_forgotten,-0.03950759768486023,0.9625,80,0.0
exchange_rate,pending_card_payment,0.11610657721757889,0.925,80,0.0
exchange_rate,pending_cash_withdrawal,0.13857628405094147,0.8,80,0.0
exchange_rate,pending_top_up,0.09476439654827118,0.8,80,0.0
exchange_rate,pending_transfer,0.22857868671417236,0.825,80,0.0
exchange_rate,reverted_card_payment,0.1828841120004654,0.85,80,0.0
exchange_rate,supported_cards_and_currencies,0.45092883706092834,0.65,80,0.0
exchange_rate,terminate_account,0.05870553478598595,0.9875,80,0.0
exchange_rate,top_up_by_bank_transfer_charge,0.31864938139915466,0.575,80,0.0
exchange_rate,top_up_by_card_charge,0.11118778586387634,0.7375,80,0.0
exchange_rate,top_up_by_cash_or_cheque,0.1804211139678955,0.85,80,0.0
exchange_rate,top_up_failed,0.023170113563537598,0.8875,80,0.0
exchange_rate,top_up_limits,-0.010364443063735962,0.9375,80,0.0
exchange_rate,top_up_reverted,0.08090320974588394,0.825,80,0.0
exchange_rate,topping_up_by_card,0.090682752430439,0.4875,80,0.0
exchange_rate,transaction_charged_twice,0.17385883629322052,0.95,80,0.0
exchange_rate,transfer_fee_charged,0.3171803653240204,0.9125,80,0.0
exchange_rate,transfer_into_account,0.28426554799079895,0.85,80,0.0
exchange_rate,transfer_not_received_by_recipient,0.16371582448482513,0.6875,80,0.0
exchange_rate,transfer_timing,0.22266700863838196,0.875,80,0.0
exchange_rate,unable_to_verify_identity,0.04156498610973358,0.675,80,0.0
exchange_rate,verify_my_identity,0.07111863046884537,0.975,80,0.0
exchange_rate,verify_source_of_funds,0.10880240797996521,0.925,80,0.0
exchange_rate,verify_top_up,0.08747519552707672,0.975,80,0.0
exchange_rate,virtual_card_not_working,0.02367592416703701,0.7,80,0.0
exchange_rate,visa_or_mastercard,0.24022437632083893,0.95,80,0.0
exchange_rate,why_is_card_on_the_way,0.039806582033634186,0.4875,80,0.0
exchange_rate,wrong_amount_of_cash_received,0.22415927052497864,0.8,80,0.0
exchange_rate,wrong_exchange_rate_for_cash_withdrawal,0.6123669743537903,0.75,80,0.3333333333333333
exchange_rate,receiving_money,0.2811548113822937,0.6375,80,0.0
exchange_via_app,extra_charge_on_statement,0.03140971064567566,0.425,80,0.0
exchange_via_app,failed_transfer,0.1910661906003952,0.55,80,0.0
exchange_via_app,fiat_currency_support,0.2500959038734436,0.4125,80,0.0
exchange_via_app,get_disposable_virtual_card,0.08040075749158859,0.5333333333333333,120,0.0
exchange_via_app,get_physical_card,0.07803760468959808,0.1,80,0.0
exchange_via_app,getting_spare_card,0.0384272038936615,0.3125,80,0.0
exchange_via_app,high_value_transfer,0.16489121317863464,0.2,40,0.0
exchange_via_app,identity_verification_mobile_number,0.19339358806610107,0.2,40,0.0
exchange_via_app,incorrect_currency_received,0.2630404829978943,0.2,40,0.0
exchange_via_app,international_fee,0.2110610157251358,0.2,40,0.0
exchange_via_app,lost_or_stolen_card,0.06126634031534195,0.4,80,0.0
exchange_via_app,lost_or_stolen_phone,0.09705585241317749,0.4625,80,0.0
exchange_via_app,order_physical_card,0.11489950120449066,0.1875,80,0.0
exchange_via_app,passcode_forgotten,0.03845007345080376,0.575,80,0.0
exchange_via_app,pending_card_payment,0.07893303036689758,0.5375,80,0.0
exchange_via_app,pending_cash_withdrawal,0.15378546714782715,0.4125,80,0.0
exchange_via_app,pending_top_up,0.1559400111436844,0.4125,80,0.0
exchange_via_app,pending_transfer,0.20835937559604645,0.4375,80,0.0
exchange_via_app,reverted_card_payment,0.09406542032957077,0.4625,80,0.0
exchange_via_app,supported_cards_and_currencies,0.2125016152858734,0.2625,80,0.0
exchange_via_app,terminate_account,0.10192738473415375,0.6,80,0.0
exchange_via_app,top_up_by_bank_transfer_charge,0.18829357624053955,0.1875,80,0.0
exchange_via_app,top_up_by_card_charge,0.11130985617637634,0.35,80,0.0
exchange_via_app,top_up_by_cash_or_cheque,0.1524413675069809,0.4625,80,0.0
exchange_via_app,top_up_failed,0.029109816998243332,0.5,80,0.0
exchange_via_app,top_up_limits,-0.008189868181943893,0.55,80,0.0
exchange_via_app,top_up_reverted,0.04928970709443092,0.4375,80,0.0
exchange_via_app,topping_up_by_card,0.08315570652484894,0.1,80,0.0
exchange_via_app,transaction_charged_twice,0.1033237874507904,0.5625,80,0.0
exchange_via_app,transfer_fee_charged,0.15955850481987,0.525,80,0.0
exchange_via_app,transfer_into_account,0.31117063760757446,0.4625,80,0.0
exchange_via_app,transfer_not_received_by_recipient,0.33281445503234863,0.3,80,0.0
exchange_via_app,transfer_timing,0.17570552229881287,0.4875,80,0.0
exchange_via_app,unable_to_verify_identity,0.07977485656738281,0.2875,80,0.0
exchange_via_app,verify_my_identity,0.11248265206813812,0.5875,80,0.0
exchange_via_app,verify_source_of_funds,0.09399420022964478,0.5375,80,0.0
exchange_via_app,verify_top_up,0.07352324575185776,0.5875,80,0.0
exchange_via_app,virtual_card_not_working,-0.016725357621908188,0.3125,80,0.0
exchange_via_app,visa_or_mastercard,0.25664040446281433,0.5625,80,0.0
exchange_via_app,why_is_card_on_the_way,0.053056567907333374,0.1,80,0.0
exchange_via_app,wrong_amount_of_cash_received,0.1610569804906845,0.4125,80,0.0
exchange_via_app,wrong_exchange_rate_for_cash_withdrawal,0.2626141309738159,0.3625,80,0.125
exchange_via_app,receiving_money,0.3123876452445984,0.25,80,0.0
extra_charge_on_statement,failed_transfer,0.15959212183952332,0.775,80,0.0
extra_charge_on_statement,fiat_currency_support,0.06697236001491547,0.6375,80,0.0
extra_charge_on_statement,get_disposable_virtual_card,0.01062375120818615,0.6833333333333333,120,0.0
extra_charge_on_statement,get_physical_card,0.11177273094654083,0.325,80,0.0
extra_charge_on_statement,getting_spare_card,0.19091162085533142,0.5375,80,0.0
extra_charge_on_statement,high_value_transfer,0.12614765763282776,0.65,40,0.0
extra_charge_on_statement,identity_verification_mobile_number,0.1707601696252823,0.65,40,0.0
extra_charge_on_statement,incorrect_currency_received,0.25517943501472473,0.65,40,0.0
extra_charge_on_statement,international_fee,0.2995448112487793,0.65,40,0.0
extra_charge_on_statement,lost_or_stolen_card,0.16663286089897156,0.625,80,0.0
extra_charge_on_statement,lost_or_stolen_phone,0.14037582278251648,0.6875,80,0.0
extra_charge_on_statement,order_physical_card,0.17612329125404358,0.4125,80,0.0
extra_charge_on_statement,passcode_forgotten,0.1427314281463623,0.8,80,0.0
extra_charge_on_statement,pending_card_payment,0.2495577335357666,0.7625,80,0.0
extra_charge_on_statement,pending_cash_withdrawal,0.19327184557914734,0.6375,80,0.0
extra_charge_on_statement,pending_top_up,0.15513212978839874,0.6375,80,0.0
extra_charge_on_statement,pending_transfer,0.23626378178596497,0.6625,80,0.0
extra_charge_on_statement,reverted_card_payment,0.22235369682312012,0.6875,80,0.0
extra_charge_on_statement,supported_cards_and_currencies,0.022749081254005432,0.4875,80,0.0
extra_charge_on_statement,terminate_account,0.1544368863105774,0.825,80,0.0
extra_charge_on_statement,top_up_by_bank_transfer_charge,0.38217321038246155,0.4125,80,0.1111111111111111
extra_charge_on_statement,top_up_by_card_charge,0.395597904920578,0.575,80,0.125
extra_charge_on_statement,top_up_by_cash_or_cheque,0.2156396061182022,0.6875,80,0.0
extra_charge_on_statement,top_up_failed,0.06109794229269028,0.725,80,0.0
extra_charge_on_statement,top_up_limits,0.10583290457725525,0.775,80,0.0
extra_charge_on_statement,top_up_reverted,0.0887204259634018,0.6625,80,0.0
extra_charge_on_statement,topping_up_by_card,0.202843576669693,0.325,80,0.0
extra_charge_on_statement,transaction_charged_twice,0.5850727558135986,0.7875,80,0.0
extra_charge_on_statement,transfer_fee_charged,0.4476730525493622,0.75,80,0.0
extra_charge_on_statement,transfer_into_account,0.25700733065605164,0.6875,80,0.0
extra_charge_on_statement,transfer_not_received_by_recipient,0.10989805310964584,0.525,80,0.0
extra_charge_on_statement,transfer_timing,0.1328846514225006,0.7125,80,0.0
extra_charge_on_statement,unable_to_verify_identity,0.20798815786838531,0.5125,80,0.0
extra_charge_on_statement,verify_my_identity,0.22848935425281525,0.8125,80,0.0
extra_charge_on_statement,verify_source_of_funds,0.08908353745937347,0.7625,80,0.0
extra_charge_on_statement,verify_top_up,0.14186757802963257,0.8125,80,0.0
extra_charge_on_statement,virtual_card_not_working,0.039943523705005646,0.5375,80,0.0
extra_charge_on_statement,visa_or_mastercard,0.1364293098449707,0.7875,80,0.0
extra_charge_on_statement,why_is_card_on_the_way,0.15672752261161804,0.325,80,0.1111111111111111
extra_charge_on_statement,wrong_amount_of_cash_received,0.2776698172092438,0.6375,80,0.0
extra_charge_on_statement,wrong_exchange_rate_for_cash_withdrawal,0.1432020217180252,0.5875,80,0.0
extra_charge_on_statement,receiving_money,0.21360862255096436,0.475,80,0.0
failed_transfer,fiat_currency_support,0.15865331888198853,0.7625,80,0.0
failed_transfer,get_disposable_virtual_card,0.020194832235574722,0.7666666666666667,120,0.0
failed_transfer,get_physical_card,0.08938170224428177,0.45,80,0.0
failed_transfer,getting_spare_card,0.20733943581581116,0.6625,80,0.0
failed_transfer,high_value_transfer,0.47503355145454407,0.9,40,0.25
failed_transfer,identity_verification_mobile_number,0.19198691844940186,0.9,40,0.0
failed_transfer,incorrect_currency_received,0.4129897952079773,0.9,40,0.0
failed_transfer,international_fee,0.18478666245937347,0.9,40,0.0
failed_transfer,lost_or_stolen_card,0.32455483078956604,0.75,80,0.0
failed_transfer,lost_or_stolen_phone,0.2374422550201416,0.8125,80,0.0
failed_transfer,order_physical_card,0.1147676408290863,0.5375,80,0.0
failed_transfer,passcode_forgotten,0.21028739213943481,0.925,80,0.0
failed_transfer,pending_card_payment,0.2069329023361206,0.8875,80,0.0
failed_transfer,pending_cash_withdrawal,0.2379056066274643,0.7625,80,0.0
failed_transfer,pending_top_up,0.11639682203531265,0.7625,80,0.0
failed_transfer,pending_transfer,0.6139742136001587,0.7875,80,0.3333333333333333
failed_transfer,reverted_card_payment,0.3795675039291382,0.8125,80,0.0
failed_transfer,supported_cards_and_currencies,0.1254350244998932,0.6125,80,0.0
failed_transfer,terminate_account,0.25107622146606445,0.95,80,0.0
failed_transfer,top_up_by_bank_transfer_charge,0.2843759059906006,0.5375,80,0.14285714285714285
failed_transfer,top_up_by_card_charge,0.04265045002102852,0.7,80,0.0
failed_transfer,top_up_by_cash_or_cheque,0.03139470890164375,0.8125,80,0.0
failed_transfer,top_up_failed,0.28283029794692993,0.85,80,0.25
failed_transfer,top_up_limits,0.03428629785776138,0.9,80,0.0
failed_transfer,top_up_reverted,0.1654863953590393,0.7875,80,0.0
failed_transfer,topping_up_by_card,-0.014835679903626442,0.45,80,0.0
failed_transfer,transaction_charged_twice,0.3092263340950012,0.9125,80,0.0
failed_transfer,transfer_fee_charged,0.4874497652053833,0.875,80,0.25
failed_transfer,transfer_into_account,0.4921625852584839,0.8125,80,0.25
failed_transfer,transfer_not_received_by_recipient,0.6238352656364441,0.65,80,0.16666666666666666
failed_transfer,transfer_timing,0.4401457905769348,0.8375,80,0.3333333333333333
failed_transfer,unable_to_verify_identity,0.291961669921875,0.6375,80,0.0
failed_transfer,verify_my_identity,0.2311944216489792,0.9375,80,0.0
failed_transfer,verify_source_of_funds,0.22829586267471313,0.8875,80,0.0
failed_transfer,verify_top_up,0.12783902883529663,0.9375,80,0.0
failed_transfer,virtual_card_not_working,0.1364230513572693,0.6625,80,0.0
failed_transfer,visa_or_mastercard,0.14354513585567474,0.9125,80,0.0
failed_transfer,why_is_card_on_the_way,0.09266635775566101,0.45,80,0.0
failed_transfer,wrong_amount_of_cash_received,0.2907927632331848,0.7625,80,0.0
failed_transfer,wrong_exchange_rate_for_cash_withdrawal,0.2668662369251251,0.7125,80,0.0
failed_transfer,receiving_money,0.3182109594345093,0.6,80,0.0
fiat_currency_support,get_disposable_virtual_card,0.08100386708974838,0.675,120,0.0
fiat_currency_support,get_physical_card,0.11037269234657288,0.3125,80,0.0
fiat_currency_support,getting_spare_card,0.19101127982139587,0.525,80,0.0
fiat_currency_support,high_value_transfer,0.23330457508563995,0.625,40,0.0
fiat_currency_support,identity_verification_mobile_number,0.09697894006967545,0.625,40,0.0
fiat_currency_support,incorrect_currency_received,0.47911983728408813,0.625,40,0.2
fiat_currency_support,international_fee,0.3144742548465729,0.625,40,0.0
fiat_currency_support,lost_or_stolen_card,0.07327292859554291,0.6125,80,0.0
fiat_currency_support,lost_or_stolen_phone,-0.00638852221891284,0.675,80,0.0
fiat_currency_support,order_physical_card,0.09883664548397064,0.4,80,0.0
fiat_currency_support,passcode_forgotten,0.015695828944444656,0.7875,80,0.0
fiat_currency_support,pending_card_payment,0.15517652034759521,0.75,80,0.0
fiat_currency_support,pending_cash_withdrawal,0.18401074409484863,0.625,80,0.0
fiat_currency_support,pending_top_up,0.11770550906658173,0.625,80,0.0
fiat_currency_support,pending_transfer,0.15647324919700623,0.65,80,0.0
fiat_currency_support,reverted_card_payment,0.1395329087972641,0.675,80,0.0
fiat_currency_support,supported_cards_and_currencies,0.7012996673583984,0.475,80,0.0
fiat_currency_support,terminate_account,0.08022131025791168,0.8125,80,0.0
fiat_currency_support,top_up_by_bank_transfer_charge,0.229087695479393,0.4,80,0.0
fiat_currency_support,top_up_by_card_charge,0.1408359408378601,0.5625,80,0.0
fiat_currency_support,top_up_by_cash_or_cheque,0.2358807921409607,0.675,80,0.0
fiat_currency_support,top_up_failed,0.024596501141786575,0.7125,80,0.0
fiat_currency_support,top_up_limits,0.10801927745342255,0.7625,80,0.0
fiat_currency_support,top_up_reverted,0.04374634847044945,0.65,80,0.0
fiat_currency_support,topping_up_by_card,0.12662732601165771,0.3125,80,0.0
fiat_currency_support,transaction_charged_twice,0.027069170027971268,0.775,80,0.0
fiat_currency_support,transfer_fee_charged,0.07900398224592209,0.7375,80,0.0
fiat_currency_support,transfer_into_account,0.22349052131175995,0.675,80,0.0
fiat_currency_support,transfer_not_received_by_recipient,0.03197886049747467,0.5125,80,0.0
fiat_currency_support,transfer_timing,0.09178723394870758,0.7,80,0.0
fiat_currency_support,unable_to_verify_identity,0.07375924289226532,0.5,80,0.0
fiat_currency_support,verify_my_identity,0.10637205839157104,0.8,80,0.0
fiat_currency_support,verify_source_of_funds,0.24494358897209167,0.75,80,0.0
fiat_currency_support,verify_top_up,0.08375094830989838,0.8,80,0.0
fiat_currency_support,virtual_card_not_working,0.08408704400062561,0.525,80,0.0
fiat_currency_support,visa_or_mastercard,0.34623271226882935,0.775,80,0.0
fiat_currency_support,why_is_card_on_the_way,0.1414482295513153,0.3125,80,0.0
fiat_currency_support,wrong_amount_of_cash_received,0.17989397048950195,0.625,80,0.0
fiat_currency_support,wrong_exchange_rate_for_cash_withdrawal,0.28099939227104187,0.575,80,0.0
fiat_currency_support,receiving_money,0.2819994390010834,0.4625,80,0.0
get_disposable_virtual_card,get_physical_card,0.5353519320487976,0.4666666666666667,120,0.4
get_disposable_virtual_card,getting_spare_card,0.522693395614624,0.6083333333333333,120,0.16666666666666666
get_disposable_virtual_card,high_value_transfer,0.01737033762037754,0.7,80,0.0
get_disposable_virtual_card,identity_verification_mobile_number,0.04313396289944649,0.7,80,0.0
get_disposable_virtual_card,incorrect_currency_received,-0.007149316370487213,0.7,80,0.0
get_disposable_virtual_card,international_fee,0.10708650946617126,0.7,80,0.0
get_disposable_virtual_card,lost_or_stolen_card,0.41487348079681396,0.6666666666666666,120,0.14285714285714285
get_disposable_virtual_card,lost_or_stolen_phone,0.16507872939109802,0.7083333333333334,120,0.0
get_disposable_virtual_card,order_physical_card,0.5235663056373596,0.525,120,0.16666666666666666
get_disposable_virtual_card,passcode_forgotten,0.15083982050418854,0.7833333333333333,120,0.0
get_disposable_virtual_card,pending_card_payment,0.2963660955429077,0.7583333333333333,120,0.16666666666666666
get_disposable_virtual_card,pending_cash_withdrawal,0.11465409398078918,0.675,120,0.0
get_disposable_virtual_card,pending_top_up,0.004675142467021942,0.675,120,0.0
get_disposable_virtual_card,pending_transfer,0.024083741009235382,0.6916666666666667,120,0.0
get_disposable_virtual_card,reverted_card_payment,0.30371418595314026,0.7083333333333334,120,0.16666666666666666
get_disposable_virtual_card,supported_cards_and_currencies,0.2816466987133026,0.575,120,0.0
get_disposable_virtual_card,terminate_account,0.14165066182613373,0.8,120,0.0
get_disposable_virtual_card,top_up_by_bank_transfer_charge,-0.006413193419575691,0.525,120,0.0
get_disposable_virtual_card,top_up_by_card_charge,0.28497570753097534,0.6333333333333333,120,0.125
get_disposable_virtual_card,top_up_by_cash_or_cheque,0.019022291526198387,0.7083333333333334,120,0.0
get_disposable_virtual_card,top_up_failed,-0.03199418634176254,0.7333333333333333,120,0.0
get_disposable_virtual_card,top_up_limits,-0.013726620003581047,0.7666666666666667,120,0.0
get_disposable_virtual_card,top_up_reverted,-0.014008689671754837,0.6916666666666667,120,0.0
get_disposable_virtual_card,topping_up_by_card,0.24769353866577148,0.4666666666666667,120,0.14285714285714285
get_disposable_virtual_card,transaction_charged_twice,0.04037098214030266,0.775,120,0.0
get_disposable_virtual_card,transfer_fee_charged,0.05684316158294678,0.75,120,0.0
get_disposable_virtual_card,transfer_into_account,0.10975110530853271,0.7083333333333334,120,0.0
get_disposable_virtual_card,transfer_not_received_by_recipient,0.038283079862594604,0.6,120,0.0
get_disposable_virtual_card,transfer_timing,-0.02746296301484108,0.725,120,0.0
get_disposable_virtual_card,unable_to_verify_identity,-0.05819360539317131,0.5916666666666667,120,0.0
get_disposable_virtual_card,verify_my_identity,-0.006101790815591812,0.7916666666666666,120,0.0
get_disposable_virtual_card,verify_source_of_funds,0.1321217268705368,0.7583333333333333,120,0.0
get_disposable_virtual_card,verify_top_up,-0.011380983516573906,0.7916666666666666,120,0.0
get_disposable_virtual_card,virtual_card_not_working,0.560610830783844,0.6083333333333333,120,0.3333333333333333
get_disposable_virtual_card,visa_or_mastercard,0.3195345103740692,0.775,120,0.0
get_disposable_virtual_card,why_is_card_on_the_way,0.29817745089530945,0.4666666666666667,120,0.1111111111111111
get_disposable_virtual_card,wrong_amount_of_cash_received,0.04160796105861664,0.675,120,0.0
get_disposable_virtual_card,wrong_exchange_rate_for_cash_withdrawal,-0.007486701011657715,0.6416666666666667,120,0.0
get_disposable_virtual_card,receiving_money,0.13342946767807007,0.5666666666666667,120,0.0
get_physical_card,getting_spare_card,0.5429335832595825,0.2125,80,0.2
get_physical_card,high_value_transfer,0.13208621740341187,0.0,40,0.0
get_physical_card,identity_verification_mobile_number,0.23744936287403107,0.0,40,0.0
get_physical_card,incorrect_currency_received,0.054208673536777496,0.0,40,0.0
get_physical_card,international_fee,0.1393570452928543,0.0,40,0.0
get_physical_card,lost_or_stolen_card,0.4570149779319763,0.3,80,0.16666666666666666
get_physical_card,lost_or_stolen_phone,0.14021122455596924,0.3625,80,0.0
get_physical_card,order_physical_card,0.7683760523796082,0.0875,80,0.5
get_physical_card,passcode_forgotten,0.1239427775144577,0.475,80,0.0
get_physical_card,pending_card_payment,0.3724166750907898,0.4375,80,0.2
get_physical_card,pending_cash_withdrawal,0.11391458660364151,0.3125,80,0.0
get_physical_card,pending_top_up,0.09216439723968506,0.3125,80,0.0
get_physical_card,pending_transfer,0.16065649688243866,0.3375,80,0.0
get_physical_card,reverted_card_payment,0.27506303787231445,0.3625,80,0.2
get_physical_card,supported_cards_and_currencies,0.3481890559196472,0.1625,80,0.0
get_physical_card,terminate_account,0.10948872566223145,0.5,80,0.0
get_physical_card,top_up_by_bank_transfer_charge,0.045841529965400696,0.0875,80,0.0
get_physical_card,top_up_by_card_charge,0.350799024105072,0.25,80,0.14285714285714285
get_physical_card,top_up_by_cash_or_cheque,0.05292930454015732,0.3625,80,0.0
get_physical_card,top_up_failed,0.007600158452987671,0.4,80,0.0
get_physical_card,top_up_limits,0.08032409846782684,0.45,80,0.0
get_physical_card,top_up_reverted,-0.030770139768719673,0.3375,80,0.0
get_physical_card,topping_up_by_card,0.3129766881465912,0.0,80,0.16666666666666666
get_physical_card,transaction_charged_twice,0.09528639167547226,0.4625,80,0.0
get_physical_card,transfer_fee_charged,0.10187593102455139,0.425,80,0.0
get_physical_card,transfer_into_account,0.21159666776657104,0.3625,80,0.0
get_physical_card,transfer_not_received_by_recipient,0.12060705572366714,0.2,80,0.0
get_physical_card,transfer_timing,0.07005847990512848,0.3875,80,0.0
get_physical_card,unable_to_verify_identity,0.14601828157901764,0.1875,80,0.0
get_physical_card,verify_my_identity,0.20777949690818787,0.4875,80,0.0
get_physical_card,verify_source_of_funds,0.10283049196004868,0.4375,80,0.0
get_physical_card,verify_top_up,0.0831860601902008,0.4875,80,0.0
get_physical_card,virtual_card_not_working,0.39933493733406067,0.2125,80,0.16666666666666666
get_physical_card,visa_or_mastercard,0.4777637720108032,0.4625,80,0.0
get_physical_card,why_is_card_on_the_way,0.369439959526062,0.0,80,0.125
get_physical_card,wrong_amount_of_cash_received,0.07713811844587326,0.3125,80,0.0
get_physical_card,wrong_exchange_rate_for_cash_withdrawal,-0.0020498447120189667,0.2625,80,0.0
get_physical_card,receiving_money,0.22104263305664062,0.15,80,0.0
getting_spare_card,high_value_transfer,0.18951377272605896,0.425,40,0.0
getting_spare_card,identity_verification_mobile_number,0.07829390466213226,0.425,40,0.0
getting_spare_card,incorrect_currency_received,0.15507307648658752,0.425,40,0.0
getting_spare_card,international_fee,0.21210366487503052,0.425,40,0.0
getting_spare_card,lost_or_stolen_card,0.6383455991744995,0.5125,80,0.16666666666666666
getting_spare_card,lost_or_stolen_phone,0.29744264483451843,0.575,80,0.0
getting_spare_card,order_physical_card,0.5040801167488098,0.3,80,0.2
getting_spare_card,passcode_forgotten,0.21521392464637756,0.6875,80,0.0
getting_spare_card,pending_card_payment,0.44688349962234497,0.65,80,0.2
getting_spare_card,pending_cash_withdrawal,0.1679990291595459,0.525,80,0.0
getting_spare_card,pending_top_up,0.11629991978406906,0.525,80,0.0
getting_spare_card,pending_transfer,0.17462894320487976,0.55,80,0.0
getting_spare_card,reverted_card_payment,0.3793741464614868,0.575,80,0.2
getting_spare_card,supported_cards_and_currencies,0.3978968858718872,0.375,80,0.0
getting_spare_card,terminate_account,0.06232950836420059,0.7125,80,0.0
getting_spare_card,top_up_by_bank_transfer_charge,0.0991845577955246,0.3,80,0.0
getting_spare_card,top_up_by_card_charge,0.4122673273086548,0.4625,80,0.14285714285714285
getting_spare_card,top_up_by_cash_or_cheque,0.15399809181690216,0.575,80,0.0
getting_spare_card,top_up_failed,0.05885082855820656,0.6125,80,0.0
getting_spare_card,top_up_limits,0.11179374158382416,0.6625,80,0.0
getting_spare_card,top_up_reverted,-0.009632749482989311,0.55,80,0.0
getting_spare_card,topping_up_by_card,0.4354506731033325,0.2125,80,0.16666666666666666
getting_spare_card,transaction_charged_twice,0.1730954945087433,0.675,80,0.0
getting_spare_card,transfer_fee_charged,0.17804427444934845,0.6375,80,0.0
getting_spare_card,transfer_into_account,0.1976402997970581,0.575,80,0.0
getting_spare_card,transfer_not_received_by_recipient,0.14289288222789764,0.4125,80,0.0
getting_spare_card,transfer_timing,0.07936495542526245,0.6,80,0.0
getting_spare_card,unable_to_verify_identity,0.03349277004599571,0.4,80,0.0
getting_spare_card,verify_my_identity,0.07625935226678848,0.7,80,0.0
getting_spare_card,verify_source_of_funds,0.16744321584701538,0.65,80,0.0
getting_spare_card,verify_top_up,0.04715776816010475,0.7,80,0.0
getting_spare_card,virtual_card_not_working,0.3466101586818695,0.425,80,0.16666666666666666
getting_spare_card,visa_or_mastercard,0.4263826012611389,0.675,80,0.0
getting_spare_card,why_is_card_on_the_way,0.47284311056137085,0.2125,80,0.125
getting_spare_card,wrong_amount_of_cash_received,0.18727949261665344,0.525,80,0.0
getting_spare_card,wrong_exchange_rate_for_cash_withdrawal,0.06586788594722748,0.475,80,0.0
getting_spare_card,receiving_money,0.34545594453811646,0.3625,80,0.0
high_value_transfer,lost_or_stolen_card,0.16876477003097534,0.6,40,0.0
high_value_transfer,lost_or_stolen_phone,0.0423700213432312,0.725,40,0.0
high_value_transfer,order_physical_card,0.08993571996688843,0.175,40,0.0
high_value_transfer,passcode_forgotten,-0.025034284219145775,0.95,40,0.0
high_value_transfer,pending_card_payment,0.05486735329031944,0.875,40,0.0
high_value_transfer,pending_cash_withdrawal,0.1247299462556839,0.625,40,0.0
high_value_transfer,pending_top_up,0.20346283912658691,0.625,40,0.0
high_value_transfer,pending_transfer,0.4601483643054962,0.675,40,0.25
high_value_transfer,reverted_card_payment,0.07608010619878769,0.725,40,0.0
high_value_transfer,supported_cards_and_currencies,0.193628191947937,0.325,40,0.0
high_value_transfer,terminate_account,0.0857233926653862,1.0,40,0.0
high_value_transfer,top_up_by_bank_transfer_charge,0.4597989320755005,0.175,40,0.125
high_value_transfer,top_up_by_card_charge,0.254374623298645,0.5,40,0.0
high_value_transfer,top_up_by_cash_or_cheque,0.3627172112464905,0.725,40,0.0
high_value_transfer,top_up_failed,0.15827947854995728,0.8,40,0.0
high_value_transfer,top_up_limits,0.311257541179657,0.9,40,0.0
high_value_transfer,top_up_reverted,0.17242389917373657,0.675,40,0.0
high_value_transfer,topping_up_by_card,0.164095938205719,0.0,40,0.0
high_value_transfer,transaction_charged_twice,0.18459564447402954,0.925,40,0.0
high_value_transfer,transfer_fee_charged,0.4393346309661865,0.85,40,0.2
high_value_transfer,transfer_into_account,0.4634437561035156,0.725,40,0.2
high_value_transfer,transfer_not_received_by_recipient,0.4172806739807129,0.4,40,0.14285714285714285
high_value_transfer,transfer_timing,0.563391387462616,0.775,40,0.25
high_value_transfer,unable_to_verify_identity,0.037437692284584045,0.375,40,0.0
high_value_transfer,verify_my_identity,0.06487301737070084,0.975,40,0.0
high_value_transfer,verify_source_of_funds,0.20121896266937256,0.875,40,0.0
high_value_transfer,verify_top_up,0.2259121686220169,0.975,40,0.0
high_value_transfer,virtual_card_not_working,-0.048701293766498566,0.425,40,0.0
high_value_transfer,visa_or_mastercard,0.15080122649669647,0.925,40,0.0
high_value_transfer,why_is_card_on_the_way,0.1304875910282135,0.0,40,0.0
high_value_transfer,wrong_amount_of_cash_received,0.18869078159332275,0.625,40,0.0
high_value_transfer,wrong_exchange_rate_for_cash_withdrawal,0.20060399174690247,0.525,40,0.0
high_value_transfer,receiving_money,0.36045217514038086,0.3,40,0.0
identity_verification_mobile_number,lost_or_stolen_card,0.22844760119915009,0.6,40,0.0
identity_verification_mobile_number,lost_or_stolen_phone,0.3594171404838562,0.725,40,0.0
identity_verification_mobile_number,order_physical_card,0.24867446720600128,0.175,40,0.0
identity_verification_mobile_number,passcode_forgotten,0.2680688500404358,0.95,40,0.0
identity_verification_mobile_number,pending_card_payment,0.18565133213996887,0.875,40,0.0
identity_verification_mobile_number,pending_cash_withdrawal,0.16233696043491364,0.625,40,0.0
identity_verification_mobile_number,pending_top_up,0.10600054264068604,0.625,40,0.0
identity_verification_mobile_number,pending_transfer,0.20299167931079865,0.675,40,0.0
identity_verification_mobile_number,reverted_card_payment,0.16742441058158875,0.725,40,0.0
identity_verification_mobile_number,supported_cards_and_currencies,0.05447981134057045,0.325,40,0.0
identity_verification_mobile_number,terminate_account,0.2523079812526703,1.0,40,0.0
identity_verification_mobile_number,top_up_by_bank_transfer_charge,0.08722520619630814,0.175,40,0.0
identity_verification_mobile_number,top_up_by_card_charge,0.10916000604629517,0.5,40,0.0
identity_verification_mobile_number,top_up_by_cash_or_cheque,0.0968613401055336,0.725,40,0.0
identity_verification_mobile_number,top_up_failed,0.022973619401454926,0.8,40,0.0
identity_verification_mobile_number,top_up_limits,0.022123822942376137,0.9,40,0.0
identity_verification_mobile_number,top_up_reverted,0.03520960360765457,0.675,40,0.0
identity_verification_mobile_number,topping_up_by_card,0.0382109060883522,0.0,40,0.0
identity_verification_mobile_number,transaction_charged_twice,0.1382150650024414,0.925,40,0.0
identity_verification_mobile_number,transfer_fee_charged,0.110337033867836,0.85,40,0.0
identity_verification_mobile_number,transfer_into_account,0.2657657861709595,0.725,40,0.0
identity_verification_mobile_number,transfer_not_received_by_recipient,0.10373492538928986,0.4,40,0.0
identity_verification_mobile_number,transfer_timing,0.08022063970565796,0.775,40,0.0
identity_verification_mobile_number,unable_to_verify_identity,0.6072078943252563,0.375,40,0.14285714285714285
identity_verification_mobile_number,verify_my_identity,0.6258355379104614,0.975,40,0.16666666666666666
identity_verification_mobile_number,verify_source_of_funds,0.22559046745300293,0.875,40,0.0
identity_verification_mobile_number,verify_top_up,0.30749890208244324,0.975,40,0.0
identity_verification_mobile_number,virtual_card_not_working,0.044799767434597015,0.425,40,0.0
identity_verification_mobile_number,visa_or_mastercard,0.2708258628845215,0.925,40,0.0
identity_verification_mobile_number,why_is_card_on_the_way,0.05270057171583176,0.0,40,0.0
identity_verification_mobile_number,wrong_amount_of_cash_received,0.15365299582481384,0.625,40,0.0
identity_verification_mobile_number,wrong_exchange_rate_for_cash_withdrawal,0.06513994932174683,0.525,40,0.0
identity_verification_mobile_number,receiving_money,0.12657099962234497,0.3,40,0.0
incorrect_currency_received,lost_or_stolen_card,0.22419753670692444,0.6,40,0.0
incorrect_currency_received,lost_or_stolen_phone,0.0936596468091011,0.725,40,0.0
incorrect_currency_received,order_physical_card,0.13158585131168365,0.175,40,0.0
incorrect_currency_received,passcode_forgotten,0.13058529794216156,0.95,40,0.0
incorrect_currency_received,pending_card_payment,0.27723076939582825,0.875,40,0.0
incorrect_currency_received,pending_cash_withdrawal,0.2823817729949951,0.625,40,0.0
incorrect_currency_received,pending_top_up,0.11514849960803986,0.625,40,0.0
incorrect_currency_received,pending_transfer,0.3148469924926758,0.675,40,0.0
incorrect_currency_received,reverted_card_payment,0.43100684881210327,0.725,40,0.0
incorrect_currency_received,supported_cards_and_currencies,0.4223339557647705,0.325,40,0.0
incorrect_currency_received,terminate_account,0.12571099400520325,1.0,40,0.0
incorrect_currency_received,top_up_by_bank_transfer_charge,0.27623945474624634,0.175,40,0.0
incorrect_currency_received,top_up_by_card_charge,0.09712275117635727,0.5,40,0.0
incorrect_currency_received,top_up_by_cash_or_cheque,0.1990330070257187,0.725,40,0.0
incorrect_currency_received,top_up_failed,0.13022594153881073,0.8,40,0.0
incorrect_currency_received,top_up_limits,-0.06638359278440475,0.9,40,0.0
incorrect_currency_received,top_up_reverted,0.20451799035072327,0.675,40,0.0
incorrect_currency_received,topping_up_by_card,0.12094932794570923,0.0,40,0.0
incorrect_currency_received,transaction_charged_twice,0.39066988229751587,0.925,40,0.0
incorrect_currency_received,transfer_fee_charged,0.33594363927841187,0.85,40,0.0
incorrect_currency_received,transfer_into_account,0.295093297958374,0.725,40,0.0
incorrect_currency_received,transfer_not_received_by_recipient,0.3676626682281494,0.4,40,0.14285714285714285
incorrect_currency_received,transfer_timing,0.15934884548187256,0.775,40,0.0
incorrect_currency_received,unable_to_verify_identity,0.3271794617176056,0.375,40,0.0
incorrect_currency_received,verify_my_identity,0.2948189377784729,0.975,40,0.0
incorrect_currency_received,verify_source_of_funds,0.30002251267433167,0.875,40,0.0
incorrect_currency_received,verify_top_up,0.14823350310325623,0.975,40,0.0
incorrect_currency_received,virtual_card_not_working,0.14785495400428772,0.425,40,0.0
incorrect_currency_received,visa_or_mastercard,0.19697237014770508,0.925,40,0.0
incorrect_currency_received,why_is_card_on_the_way,0.12462224066257477,0.0,40,0.0
incorrect_currency_received,wrong_amount_of_cash_received,0.6505575776100159,0.625,40,0.14285714285714285
incorrect_currency_received,wrong_exchange_rate_for_cash_withdrawal,0.5635649561882019,0.525,40,0.0
incorrect_currency_received,receiving_money,0.4606344699859619,0.3,40,0.0
international_fee,lost_or_stolen_card,0.1268313229084015,0.6,40,0.0
international_fee,lost_or_stolen_phone,0.025894679129123688,0.725,40,0.0
international_fee,order_physical_card,0.18685747683048248,0.175,40,0.0
international_fee,passcode_forgotten,0.06785258650779724,0.95,40,0.0
international_fee,pending_card_payment,0.26124387979507446,0.875,40,0.0
international_fee,pending_cash_withdrawal,0.1255072057247162,0.625,40,0.0
international_fee,pending_top_up,0.09987597912549973,0.625,40,0.0
international_fee,pending_transfer,0.2812228202819824,0.675,40,0.0
international_fee,reverted_card_payment,0.23159727454185486,0.725,40,0.0
international_fee,supported_cards_and_currencies,0.34332332015037537,0.325,40,0.0
international_fee,terminate_account,0.13605590164661407,1.0,40,0.0
international_fee,top_up_by_bank_transfer_charge,0.3136558532714844,0.175,40,0.0
international_fee,top_up_by_card_charge,0.23263031244277954,0.5,40,0.0
international_fee,top_up_by_cash_or_cheque,0.14304932951927185,0.725,40,0.0
international_fee,top_up_failed,-0.025970719754695892,0.8,40,0.0
international_fee,top_up_limits,0.044242218136787415,0.9,40,0.0
international_fee,top_up_reverted,-0.01819717511534691,0.675,40,0.0
international_fee,topping_up_by_card,0.06029311940073967,0.0,40,0.0
international_fee,transaction_charged_twice,0.2748276889324188,0.925,40,0.0
international_fee,transfer_fee_charged,0.5581032037734985,0.85,40,0.25
international_fee,transfer_into_account,0.24348974227905273,0.725,40,0.0
international_fee,transfer_not_received_by_recipient,0.1011614203453064,0.4,40,0.0
international_fee,transfer_timing,0.12678039073944092,0.775,40,0.0
international_fee,unable_to_verify_identity,0.0757841020822525,0.375,40,0.0
international_fee,verify_my_identity,0.11891151964664459,0.975,40,0.0
international_fee,verify_source_of_funds,0.1329108476638794,0.875,40,0.0
international_fee,verify_top_up,-0.002177882008254528,0.975,40,0.0
international_fee,virtual_card_not_working,0.05740877240896225,0.425,40,0.0
international_fee,visa_or_mastercard,0.36577802896499634,0.925,40,0.0
international_fee,why_is_card_on_the_way,0.0414343923330307,0.0,40,0.0
international_fee,wrong_amount_of_cash_received,0.1691260039806366,0.625,40,0.0
international_fee,wrong_exchange_rate_for_cash_withdrawal,0.2929854094982147,0.525,40,0.0
international_fee,receiving_money,0.18856661021709442,0.3,40,0.0
lost_or_stolen_card,lost_or_stolen_phone,0.6773872375488281,0.6625,80,0.6
lost_or_stolen_card,order_physical_card,0.45353132486343384,0.3875,80,0.16666666666666666
lost_or_stolen_card,passcode_forgotten,0.3284085690975189,0.775,80,0.0
lost_or_stolen_card,pending_card_payment,0.3798171281814575,0.7375,80,0.16666666666666666
lost_or_stolen_card,pending_cash_withdrawal,0.20121163129806519,0.6125,80,0.0
lost_or_stolen_card,pending_top_up,0.009338099509477615,0.6125,80,0.0
lost_or_stolen_card,pending_transfer,0.17391595244407654,0.6375,80,0.0
lost_or_stolen_card,reverted_card_payment,0.49614739418029785,0.6625,80,0.16666666666666666
lost_or_stolen_card,supported_cards_and_currencies,0.27114138007164,0.4625,80,0.0
lost_or_stolen_card,terminate_account,0.1596401184797287,0.8,80,0.0
lost_or_stolen_card,top_up_by_bank_transfer_charge,0.058379389345645905,0.3875,80,0.0
lost_or_stolen_card,top_up_by_card_charge,0.28593698143959045,0.55,80,0.125
lost_or_stolen_card,top_up_by_cash_or_cheque,0.10199442505836487,0.6625,80,0.1111111111111111
lost_or_stolen_card,top_up_failed,-0.01811971701681614,0.7,80,0.0
lost_or_stolen_card,top_up_limits,-0.011663736775517464,0.75,80,0.0
lost_or_stolen_card,top_up_reverted,0.013437505811452866,0.6375,80,0.0
lost_or_stolen_card,topping_up_by_card,0.30885744094848633,0.3,80,0.14285714285714285
lost_or_stolen_card,transaction_charged_twice,0.22120285034179688,0.7625,80,0.0
lost_or_stolen_card,transfer_fee_charged,0.19970175623893738,0.725,80,0.0
lost_or_stolen_card,transfer_into_account,0.24923893809318542,0.6625,80,0.0
lost_or_stolen_card,transfer_not_received_by_recipient,0.2486030012369156,0.5,80,0.0
lost_or_stolen_card,transfer_timing,0.10646199434995651,0.6875,80,0.0
lost_or_stolen_card,unable_to_verify_identity,0.1622602641582489,0.4875,80,0.0
lost_or_stolen_card,verify_my_identity,0.2395155280828476,0.7875,80,0.0
lost_or_stolen_card,verify_source_of_funds,0.125395268201828,0.7375,80,0.0
lost_or_stolen_card,verify_top_up,0.025008108466863632,0.7875,80,0.0
lost_or_stolen_card,virtual_card_not_working,0.27683842182159424,0.5125,80,0.14285714285714285
lost_or_stolen_card,visa_or_mastercard,0.41228264570236206,0.7625,80,0.16666666666666666
lost_or_stolen_card,why_is_card_on_the_way,0.43903493881225586,0.3,80,0.1111111111111111
lost_or_stolen_card,wrong_amount_of_cash_received,0.19908027350902557,0.6125,80,0.0
lost_or_stolen_card,wrong_exchange_rate_for_cash_withdrawal,0.11361126601696014,0.5625,80,0.0
lost_or_stolen_card,receiving_money,0.3185116648674011,0.45,80,0.0
lost_or_stolen_phone,order_physical_card,0.15258832275867462,0.45,80,0.0
lost_or_stolen_phone,passcode_forgotten,0.29153919219970703,0.8375,80,0.0
lost_or_stolen_phone,pending_card_payment,0.08604548871517181,0.8,80,0.0
lost_or_stolen_phone,pending_cash_withdrawal,0.09058195352554321,0.675,80,0.0
lost_or_stolen_phone,pending_top_up,-0.006273102015256882,0.675,80,0.0
lost_or_stolen_phone,pending_transfer,0.0817665308713913,0.7,80,0.0
lost_or_stolen_phone,reverted_card_payment,0.2024766355752945,0.725,80,0.0
lost_or_stolen_phone,supported_cards_and_currencies,-0.061073411256074905,0.525,80,0.0
lost_or_stolen_phone,terminate_account,0.12915948033332825,0.8625,80,0.0
lost_or_stolen_phone,top_up_by_bank_transfer_charge,-0.021522417664527893,0.45,80,0.0
lost_or_stolen_phone,top_up_by_card_charge,0.06359364092350006,0.6125,80,0.0
lost_or_stolen_phone,top_up_by_cash_or_cheque,0.012883199378848076,0.725,80,0.1111111111111111
lost_or_stolen_phone,top_up_failed,-0.009868677705526352,0.7625,80,0.0
lost_or_stolen_phone,top_up_limits,-0.028158413246273994,0.8125,80,0.0
lost_or_stolen_phone,top_up_reverted,0.012088919058442116,0.7,80,0.0
lost_or_stolen_phone,topping_up_by_card,0.03811628371477127,0.3625,80,0.0
lost_or_stolen_phone,transaction_charged_twice,0.1625939905643463,0.825,80,0.0
lost_or_stolen_phone,transfer_fee_charged,0.06825767457485199,0.7875,80,0.0
lost_or_stolen_phone,transfer_into_account,0.09893019497394562,0.725,80,0.0
lost_or_stolen_phone,transfer_not_received_by_recipient,0.14769971370697021,0.5625,80,0.0
lost_or_stolen_phone,transfer_timing,0.03643970936536789,0.75,80,0.0
lost_or_stolen_phone,unable_to_verify_identity,0.11929745972156525,0.55,80,0.0
lost_or_stolen_phone,verify_my_identity,0.1734086275100708,0.85,80,0.0
lost_or_stolen_phone,verify_source_of_funds,0.03440004587173462,0.8,80,0.0
lost_or_stolen_phone,verify_top_up,0.019748730584979057,0.85,80,0.0
lost_or_stolen_phone,virtual_card_not_working,0.049225423485040665,0.575,80,0.0
lost_or_stolen_phone,visa_or_mastercard,0.15417678654193878,0.825,80,0.16666666666666666
lost_or_stolen_phone,why_is_card_on_the_way,0.10581495612859726,0.3625,80,0.0
lost_or_stolen_phone,wrong_amount_of_cash_received,0.1100468710064888,0.675,80,0.0
lost_or_stolen_phone,wrong_exchange_rate_for_cash_withdrawal,0.004713185131549835,0.625,80,0.0
lost_or_stolen_phone,receiving_money,0.22072169184684753,0.5125,80,0.0
order_physical_card,passcode_forgotten,0.1192234680056572,0.5625,80,0.0
order_physical_card,pending_card_payment,0.49202030897140503,0.525,80,0.2
order_physical_card,pending_cash_withdrawal,0.1593896746635437,0.4,80,0.0
order_physical_card,pending_top_up,0.16504593193531036,0.4,80,0.0
order_physical_card,pending_transfer,0.23887765407562256,0.425,80,0.0
order_physical_card,reverted_card_payment,0.4021885097026825,0.45,80,0.2
order_physical_card,supported_cards_and_currencies,0.37343165278434753,0.25,80,0.0
order_physical_card,terminate_account,0.07814089208841324,0.5875,80,0.0
order_physical_card,top_up_by_bank_transfer_charge,0.08550563454627991,0.175,80,0.0
order_physical_card,top_up_by_card_charge,0.4081198573112488,0.3375,80,0.14285714285714285
order_physical_card,top_up_by_cash_or_cheque,0.10904848575592041,0.45,80,0.0
order_physical_card,top_up_failed,-0.010759182274341583,0.4875,80,0.0
order_physical_card,top_up_limits,0.005248863250017166,0.5375,80,0.0
order_physical_card,top_up_reverted,0.00325622595846653,0.425,80,0.0
order_physical_card,topping_up_by_card,0.37635916471481323,0.0875,80,0.16666666666666666
order_physical_card,transaction_charged_twice,0.16297881305217743,0.55,80,0.0
order_physical_card,transfer_fee_charged,0.14756350219249725,0.5125,80,0.0
order_physical_card,transfer_into_account,0.16637976467609406,0.45,80,0.0
order_physical_card,transfer_not_received_by_recipient,0.18270786106586456,0.2875,80,0.0
order_physical_card,transfer_timing,0.11834466457366943,0.475,80,0.0
order_physical_card,unable_to_verify_identity,0.11006033420562744,0.275,80,0.0
order_physical_card,verify_my_identity,0.15491971373558044,0.575,80,0.0
order_physical_card,verify_source_of_funds,0.07862478494644165,0.525,80,0.0
order_physical_card,verify_top_up,0.07265687733888626,0.575,80,0.0
order_physical_card,virtual_card_not_working,0.39598512649536133,0.3,80,0.16666666666666666
order_physical_card,visa_or_mastercard,0.4979572296142578,0.55,80,0.0
order_physical_card,why_is_card_on_the_way,0.4241207540035248,0.0875,80,0.125
order_physical_card,wrong_amount_of_cash_received,0.12790213525295258,0.4,80,0.0
order_physical_card,wrong_exchange_rate_for_cash_withdrawal,0.025015583261847496,0.35,80,0.0
order_physical_card,receiving_money,0.1827019602060318,0.2375,80,0.0
passcode_forgotten,pending_card_payment,0.1309925615787506,0.9125,80,0.0
passcode_forgotten,pending_cash_withdrawal,0.12906304001808167,0.7875,80,0.0
passcode_forgotten,pending_top_up,-0.006215851753950119,0.7875,80,0.0
passcode_forgotten,pending_transfer,0.06945646554231644,0.8125,80,0.0
passcode_forgotten,reverted_card_payment,0.21551333367824554,0.8375,80,0.0
passcode_forgotten,supported_cards_and_currencies,0.003369305282831192,0.6375,80,0.0
passcode_forgotten,terminate_account,0.10263155400753021,0.975,80,0.0
passcode_forgotten,top_up_by_bank_transfer_charge,-0.0038733985275030136,0.5625,80,0.0
passcode_forgotten,top_up_by_card_charge,0.09713168442249298,0.725,80,0.0
passcode_forgotten,top_up_by_cash_or_cheque,-0.09576111286878586,0.8375,80,0.0
passcode_forgotten,top_up_failed,0.08543805032968521,0.875,80,0.0
passcode_forgotten,top_up_limits,-0.03678526729345322,0.925,80,0.0
passcode_forgotten,top_up_reverted,0.0725456029176712,0.8125,80,0.0
passcode_forgotten,topping_up_by_card,-0.0012360261753201485,0.475,80,0.0
passcode_forgotten,transaction_charged_twice,0.15227831900119781,0.9375,80,0.0
passcode_forgotten,transfer_fee_charged,0.08042988181114197,0.9,80,0.0
passcode_forgotten,transfer_into_account,0.15525957942008972,0.8375,80,0.0
passcode_forgotten,transfer_not_received_by_recipient,0.1645738035440445,0.675,80,0.0
passcode_forgotten,transfer_timing,0.0015418846160173416,0.8625,80,0.0
passcode_forgotten,unable_to_verify_identity,0.19931137561798096,0.6625,80,0.0
passcode_forgotten,verify_my_identity,0.20242202281951904,0.9625,80,0.0
passcode_forgotten,verify_source_of_funds,0.004048382863402367,0.9125,80,0.0
passcode_forgotten,verify_top_up,0.05929519608616829,0.9625,80,0.0
passcode_forgotten,virtual_card_not_working,0.1411365419626236,0.6875,80,0.0
passcode_forgotten,visa_or_mastercard,0.11198019236326218,0.9375,80,0.0
passcode_forgotten,why_is_card_on_the_way,0.09385784715414047,0.475,80,0.0
passcode_forgotten,wrong_amount_of_cash_received,0.12554074823856354,0.7875,80,0.0
passcode_forgotten,wrong_exchange_rate_for_cash_withdrawal,0.07543148100376129,0.7375,80,0.0
passcode_forgotten,receiving_money,0.07961740344762802,0.625,80,0.0
pending_card_payment,pending_cash_withdrawal,0.5497996807098389,0.75,80,0.2
pending_card_payment,pending_top_up,0.3829112648963928,0.75,80,0.2
pending_card_payment,pending_transfer,0.5791186094284058,0.775,80,0.25
pending_card_payment,reverted_card_payment,0.6455438137054443,0.8,80,0.5
pending_card_payment,supported_cards_and_currencies,0.35168910026550293,0.6,80,0.0
pending_card_payment,terminate_account,0.21499748528003693,0.9375,80,0.0
pending_card_payment,top_up_by_bank_transfer_charge,0.20066013932228088,0.525,80,0.0
pending_card_payment,top_up_by_card_charge,0.37634629011154175,0.6875,80,0.14285714285714285
pending_card_payment,top_up_by_cash_or_cheque,0.14446449279785156,0.8,80,0.0
pending_card_payment,top_up_failed,0.012278474867343903,0.8375,80,0.0
pending_card_payment,top_up_limits,-0.011982772499322891,0.8875,80,0.0
pending_card_payment,top_up_reverted,0.0034086816012859344,0.775,80,0.0
pending_card_payment,topping_up_by_card,0.4042377471923828,0.4375,80,0.16666666666666666
pending_card_payment,transaction_charged_twice,0.38828742504119873,0.9,80,0.0
pending_card_payment,transfer_fee_charged,0.33404940366744995,0.8625,80,0.0
pending_card_payment,transfer_into_account,0.12495482712984085,0.8,80,0.0
pending_card_payment,transfer_not_received_by_recipient,0.2017788589000702,0.6375,80,0.0
pending_card_payment,transfer_timing,0.10848050564527512,0.825,80,0.0
pending_card_payment,unable_to_verify_identity,0.1924021989107132,0.625,80,0.0
pending_card_payment,verify_my_identity,0.20043949782848358,0.925,80,0.0
pending_card_payment,verify_source_of_funds,0.1805707812309265,0.875,80,0.0
pending_card_payment,verify_top_up,0.0700831413269043,0.925,80,0.0
pending_card_payment,virtual_card_not_working,0.3514896035194397,0.65,80,0.16666666666666666
pending_card_payment,visa_or_mastercard,0.429632306098938,0.9,80,0.0
pending_card_payment,why_is_card_on_the_way,0.4175652861595154,0.4375,80,0.125
pending_card_payment,wrong_amount_of_cash_received,0.3145484924316406,0.75,80,0.0
pending_card_payment,wrong_exchange_rate_for_cash_withdrawal,0.18609558045864105,0.7,80,0.0
pending_card_payment,receiving_money,0.32421478629112244,0.5875,80,0.0
pending_cash_withdrawal,pending_top_up,0.388710081577301,0.625,80,0.2
pending_cash_withdrawal,pending_transfer,0.5434578657150269,0.65,80,0.25
pending_cash_withdrawal,reverted_card_payment,0.2993571162223816,0.675,80,0.0
pending_cash_withdrawal,supported_cards_and_currencies,0.11788278818130493,0.475,80,0.0
pending_cash_withdrawal,terminate_account,0.33536428213119507,0.8125,80,0.0
pending_cash_withdrawal,top_up_by_bank_transfer_charge,0.23301947116851807,0.4,80,0.0
pending_cash_withdrawal,top_up_by_card_charge,0.15424828231334686,0.5625,80,0.0
pending_cash_withdrawal,top_up_by_cash_or_cheque,0.2728442847728729,0.675,80,0.125
pending_cash_withdrawal,top_up_failed,0.045282792299985886,0.7125,80,0.0
pending_cash_withdrawal,top_up_limits,0.03919384628534317,0.7625,80,0.0
pending_cash_withdrawal,top_up_reverted,0.06482445448637009,0.65,80,0.0
pending_cash_withdrawal,topping_up_by_card,0.14712893962860107,0.3125,80,0.0
pending_cash_withdrawal,transaction_charged_twice,0.2697800397872925,0.775,80,0.0
pending_cash_withdrawal,transfer_fee_charged,0.2247190773487091,0.7375,80,0.0
pending_cash_withdrawal,transfer_into_account,0.21007244288921356,0.675,80,0.0
pending_cash_withdrawal,transfer_not_received_by_recipient,0.20581379532814026,0.5125,80,0.0
pending_cash_withdrawal,transfer_timing,0.13009178638458252,0.7,80,0.0
pending_cash_withdrawal,unable_to_verify_identity,0.20705899596214294,0.5,80,0.0
pending_cash_withdrawal,verify_my_identity,0.21871843934059143,0.8,80,0.0
pending_cash_withdrawal,verify_source_of_funds,0.25711122155189514,0.75,80,0.0
pending_cash_withdrawal,verify_top_up,0.09758378565311432,0.8,80,0.0
pending_cash_withdrawal,virtual_card_not_working,0.033889833837747574,0.525,80,0.0
pending_cash_withdrawal,visa_or_mastercard,0.1939152628183365,0.775,80,0.0
pending_cash_withdrawal,why_is_card_on_the_way,0.17764101922512054,0.3125,80,0.0
pending_cash_withdrawal,wrong_amount_of_cash_received,0.5123562216758728,0.625,80,0.14285714285714285
pending_cash_withdrawal,wrong_exchange_rate_for_cash_withdrawal,0.5766823291778564,0.575,80,0.2857142857142857
pending_cash_withdrawal,receiving_money,0.3809928894042969,0.4625,80,0.0
pending_top_up,pending_transfer,0.5131421089172363,0.65,80,0.25
pending_top_up,reverted_card_payment,0.03617795556783676,0.675,80,0.0
pending_top_up,supported_cards_and_currencies,0.07348074018955231,0.475,80,0.0
pending_top_up,terminate_account,0.09096626937389374,0.8125,80,0.0
pending_top_up,top_up_by_bank_transfer_charge,0.39635348320007324,0.4,80,0.2857142857142857
pending_top_up,top_up_by_card_charge,0.48716601729393005,0.5625,80,0.3333333333333333
pending_top_up,top_up_by_cash_or_cheque,0.4286000728607178,0.675,80,0.2857142857142857
pending_top_up,top_up_failed,0.6424794793128967,0.7125,80,0.5
pending_top_up,top_up_limits,0.4543246030807495,0.7625,80,0.5
pending_top_up,top_up_reverted,0.617480993270874,0.65,80,0.5
pending_top_up,topping_up_by_card,0.4037845730781555,0.3125,80,0.16666666666666666
pending_top_up,transaction_charged_twice,0.1527795046567917,0.775,80,0.0
pending_top_up,transfer_fee_charged,0.09565599262714386,0.7375,80,0.0
pending_top_up,transfer_into_account,0.04872293025255203,0.675,80,0.0
pending_top_up,transfer_not_received_by_recipient,0.0595235712826252,0.5125,80,0.0
pending_top_up,transfer_timing,0.12428360432386398,0.7,80,0.0
pending_top_up,unable_to_verify_identity,0.12431840598583221,0.5,80,0.0
pending_top_up,verify_my_identity,0.15127673745155334,0.8,80,0.0
pending_top_up,verify_source_of_funds,0.07941073924303055,0.75,80,0.0
pending_top_up,verify_top_up,0.6576120853424072,0.8,80,0.5
pending_top_up,virtual_card_not_working,-0.012225285172462463,0.525,80,0.0
pending_top_up,visa_or_mastercard,0.08999337255954742,0.775,80,0.0
pending_top_up,why_is_card_on_the_way,0.23690390586853027,0.3125,80,0.0
pending_top_up,wrong_amount_of_cash_received,0.04296833276748657,0.625,80,0.0
pending_top_up,wrong_exchange_rate_for_cash_withdrawal,0.07217580080032349,0.575,80,0.0
pending_top_up,receiving_money,0.15829509496688843,0.4625,80,0.0
pending_transfer,reverted_card_payment,0.27712923288345337,0.7,80,0.0
pending_transfer,supported_cards_and_currencies,0.1233244389295578,0.5,80,0.0
pending_transfer,terminate_account,0.20243288576602936,0.8375,80,0.0
pending_transfer,top_up_by_bank_transfer_charge,0.35077452659606934,0.425,80,0.14285714285714285
pending_transfer,top_up_by_card_charge,0.14478248357772827,0.5875,80,0.0
pending_transfer,top_up_by_cash_or_cheque,0.11822764575481415,0.7,80,0.0
pending_transfer,top_up_failed,0.08652053028345108,0.7375,80,0.0
pending_transfer,top_up_limits,0.06752992421388626,0.7875,80,0.0
pending_transfer,top_up_reverted,0.09454600512981415,0.675,80,0.0
pending_transfer,topping_up_by_card,0.09873175621032715,0.3375,80,0.0
pending_transfer,transaction_charged_twice,0.344931036233902,0.8,80,0.0
pending_transfer,transfer_fee_charged,0.5749789476394653,0.7625,80,0.25
pending_transfer,transfer_into_account,0.4108952283859253,0.7,80,0.25
pending_transfer,transfer_not_received_by_recipient,0.5289467573165894,0.5375,80,0.16666666666666666
pending_transfer,transfer_timing,0.5199223756790161,0.725,80,0.3333333333333333
pending_transfer,unable_to_verify_identity,0.23919779062271118,0.525,80,0.0
pending_transfer,verify_my_identity,0.24990856647491455,0.825,80,0.0
pending_transfer,verify_source_of_funds,0.18920965492725372,0.775,80,0.0
pending_transfer,verify_top_up,0.16699543595314026,0.825,80,0.0
pending_transfer,virtual_card_not_working,0.02785148099064827,0.55,80,0.0
pending_transfer,visa_or_mastercard,0.21033114194869995,0.8,80,0.0
pending_transfer,why_is_card_on_the_way,0.1403169482946396,0.3375,80,0.0
pending_transfer,wrong_amount_of_cash_received,0.21568931639194489,0.65,80,0.0
pending_transfer,wrong_exchange_rate_for_cash_withdrawal,0.2302219718694687,0.6,80,0.0
pending_transfer,receiving_money,0.33034181594848633,0.4875,80,0.0
reverted_card_payment,supported_cards_and_currencies,0.31912845373153687,0.525,80,0.0
reverted_card_payment,terminate_account,0.2731150686740875,0.8625,80,0.0
reverted_card_payment,top_up_by_bank_transfer_charge,0.1819472461938858,0.45,80,0.0
reverted_card_payment,top_up_by_card_charge,0.29384544491767883,0.6125,80,0.14285714285714285
reverted_card_payment,top_up_by_cash_or_cheque,0.1192806214094162,0.725,80,0.0
reverted_card_payment,top_up_failed,0.04243075102567673,0.7625,80,0.0
reverted_card_payment,top_up_limits,-0.0743299350142479,0.8125,80,0.0
reverted_card_payment,top_up_reverted,0.23643602430820465,0.7,80,0.2
reverted_card_payment,topping_up_by_card,0.28084585070610046,0.3625,80,0.16666666666666666
reverted_card_payment,transaction_charged_twice,0.40755537152290344,0.825,80,0.0
reverted_card_payment,transfer_fee_charged,0.3466796278953552,0.7875,80,0.0
reverted_card_payment,transfer_into_account,0.2342069447040558,0.725,80,0.0
reverted_card_payment,transfer_not_received_by_recipient,0.27421581745147705,0.5625,80,0.0
reverted_card_payment,transfer_timing,0.08435666561126709,0.75,80,0.0
reverted_card_payment,unable_to_verify_identity,0.1912282109260559,0.55,80,0.0
reverted_card_payment,verify_my_identity,0.2028980553150177,0.85,80,0.0
reverted_card_payment,verify_source_of_funds,0.17909851670265198,0.8,80,0.0
reverted_card_payment,verify_top_up,-0.0075583551079034805,0.85,80,0.0
reverted_card_payment,virtual_card_not_working,0.38677895069122314,0.575,80,0.16666666666666666
reverted_card_payment,visa_or_mastercard,0.38013526797294617,0.825,80,0.0
reverted_card_payment,why_is_card_on_the_way,0.3748820424079895,0.3625,80,0.125
reverted_card_payment,wrong_amount_of_cash_received,0.4317871928215027,0.675,80,0.0
reverted_card_payment,wrong_exchange_rate_for_cash_withdrawal,0.33468008041381836,0.625,80,0.0
reverted_card_payment,receiving_money,0.3048948645591736,0.5125,80,0.0
supported_cards_and_currencies,terminate_account,-0.007087189704179764,0.6625,80,0.0
supported_cards_and_currencies,top_up_by_bank_transfer_charge,0.1527252197265625,0.25,80,0.0
supported_cards_and_currencies,top_up_by_card_charge,0.29768896102905273,0.4125,80,0.0
supported_cards_and_currencies,top_up_by_cash_or_cheque,0.15382984280586243,0.525,80,0.0
supported_cards_and_currencies,top_up_failed,-0.013701152056455612,0.5625,80,0.0
supported_cards_and_currencies,top_up_limits,0.07422371953725815,0.6125,80,0.0
supported_cards_and_currencies,top_up_reverted,-0.01353246159851551,0.5,80,0.0
supported_cards_and_currencies,topping_up_by_card,0.3213840126991272,0.1625,80,0.0
supported_cards_and_currencies,transaction_charged_twice,0.03262917697429657,0.625,80,0.0
supported_cards_and_currencies,transfer_fee_charged,0.0825427919626236,0.5875,80,0.0
supported_cards_and_currencies,transfer_into_account,0.18464335799217224,0.525,80,0.0
supported_cards_and_currencies,transfer_not_received_by_recipient,0.05993640422821045,0.3625,80,0.0
supported_cards_and_currencies,transfer_timing,0.07939861714839935,0.55,80,0.0
supported_cards_and_currencies,unable_to_verify_identity,0.02794274315237999,0.35,80,0.0
supported_cards_and_currencies,verify_my_identity,0.038710594177246094,0.65,80,0.0
supported_cards_and_currencies,verify_source_of_funds,0.17156842350959778,0.6,80,0.0
supported_cards_and_currencies,verify_top_up,0.025516163557767868,0.65,80,0.0
supported_cards_and_currencies,virtual_card_not_working,0.29237958788871765,0.375,80,0.0
supported_cards_and_currencies,visa_or_mastercard,0.5224219560623169,0.625,80,0.0
supported_cards_and_currencies,why_is_card_on_the_way,0.3599318563938141,0.1625,80,0.0
supported_cards_and_currencies,wrong_amount_of_cash_received,0.11306304484605789,0.475,80,0.0
supported_cards_and_currencies,wrong_exchange_rate_for_cash_withdrawal,0.2237405627965927,0.425,80,0.0
supported_cards_and_currencies,receiving_money,0.19692668318748474,0.3125,80,0.0
terminate_account,top_up_by_bank_transfer_charge,0.1956022083759308,0.5875,80,0.0
terminate_account,top_up_by_card_charge,0.13195808231830597,0.75,80,0.0
terminate_account,top_up_by_cash_or_cheque,0.10497650504112244,0.8625,80,0.0
terminate_account,top_up_failed,0.09534883499145508,0.9,80,0.0
terminate_account,top_up_limits,0.15617525577545166,0.95,80,0.0
terminate_account,top_up_reverted,0.10104021430015564,0.8375,80,0.0
terminate_account,topping_up_by_card,0.10336364805698395,0.5,80,0.0
terminate_account,transaction_charged_twice,0.17804047465324402,0.9625,80,0.0
terminate_account,transfer_fee_charged,0.17685788869857788,0.925,80,0.0
terminate_account,transfer_into_account,0.4620741009712219,0.8625,80,0.25
terminate_account,transfer_not_received_by_recipient,0.06598488986492157,0.7,80,0.0
terminate_account,transfer_timing,0.0497455894947052,0.8875,80,0.0
terminate_account,unable_to_verify_identity,0.2291257083415985,0.6875,80,0.0
terminate_account,verify_my_identity,0.3100455701351166,0.9875,80,0.0
terminate_account,verify_source_of_funds,0.19439321756362915,0.9375,80,0.0
terminate_account,verify_top_up,0.12147993594408035,0.9875,80,0.0
terminate_account,virtual_card_not_working,0.051441740244627,0.7125,80,0.0
terminate_account,visa_or_mastercard,0.18011870980262756,0.9625,80,0.0
terminate_account,why_is_card_on_the_way,0.03699137642979622,0.5,80,0.0
terminate_account,wrong_amount_of_cash_received,0.1683577597141266,0.8125,80,0.0
terminate_account,wrong_exchange_rate_for_cash_withdrawal,0.193183034658432,0.7625,80,0.0
terminate_account,receiving_money,0.2226341962814331,0.65,80,0.0
top_up_by_bank_transfer_charge,top_up_by_card_charge,0.6599739789962769,0.3375,80,0.5714285714285714
top_up_by_bank_transfer_charge,top_up_by_cash_or_cheque,0.6008996963500977,0.45,80,0.3333333333333333
top_up_by_bank_transfer_charge,top_up_failed,0.4056219458580017,0.4875,80,0.2857142857142857
top_up_by_bank_transfer_charge,top_up_limits,0.3285382390022278,0.5375,80,0.2857142857142857
top_up_by_bank_transfer_charge,top_up_reverted,0.41129374504089355,0.425,80,0.2857142857142857
top_up_by_bank_transfer_charge,topping_up_by_card,0.3158160448074341,0.0875,80,0.25
top_up_by_bank_transfer_charge,transaction_charged_twice,0.39440083503723145,0.55,80,0.0
top_up_by_bank_transfer_charge,transfer_fee_charged,0.5626696348190308,0.5125,80,0.125
top_up_by_bank_transfer_charge,transfer_into_account,0.49725887179374695,0.45,80,0.125
top_up_by_bank_transfer_charge,transfer_not_received_by_recipient,0.33989837765693665,0.2875,80,0.2222222222222222
top_up_by_bank_transfer_charge,transfer_timing,0.3459240794181824,0.475,80,0.14285714285714285
top_up_by_bank_transfer_charge,unable_to_verify_identity,0.044009018689394,0.275,80,0.0
top_up_by_bank_transfer_charge,verify_my_identity,0.08989045768976212,0.575,80,0.0
top_up_by_bank_transfer_charge,verify_source_of_funds,0.23254579305648804,0.525,80,0.0
top_up_by_bank_transfer_charge,verify_top_up,0.44994497299194336,0.575,80,0.2857142857142857
top_up_by_bank_transfer_charge,virtual_card_not_working,-0.012881897389888763,0.3,80,0.0
top_up_by_bank_transfer_charge,visa_or_mastercard,0.21159979701042175,0.55,80,0.0
top_up_by_bank_transfer_charge,why_is_card_on_the_way,0.12133552134037018,0.0875,80,0.0
top_up_by_bank_transfer_charge,wrong_amount_of_cash_received,0.28088945150375366,0.4,80,0.0
top_up_by_bank_transfer_charge,wrong_exchange_rate_for_cash_withdrawal,0.2889525294303894,0.35,80,0.0
top_up_by_bank_transfer_charge,receiving_money,0.3501087427139282,0.2375,80,0.0
top_up_by_card_charge,top_up_by_cash_or_cheque,0.5447883605957031,0.6125,80,0.375
top_up_by_card_charge,top_up_failed,0.4787590503692627,0.65,80,0.3333333333333333
top_up_by_card_charge,top_up_limits,0.4088050127029419,0.7,80,0.3333333333333333
top_up_by_card_charge,top_up_reverted,0.4639739692211151,0.5875,80,0.3333333333333333
top_up_by_card_charge,topping_up_by_card,0.6832368969917297,0.25,80,0.5
top_up_by_card_charge,transaction_charged_twice,0.3311990797519684,0.7125,80,0.0
top_up_by_card_charge,transfer_fee_charged,0.29118528962135315,0.675,80,0.0
top_up_by_card_charge,transfer_into_account,0.24632856249809265,0.6125,80,0.0
top_up_by_card_charge,transfer_not_received_by_recipient,0.09222401678562164,0.45,80,0.1111111111111111
top_up_by_card_charge,transfer_timing,0.14241322875022888,0.6375,80,0.0
top_up_by_card_charge,unable_to_verify_identity,0.0018330439925193787,0.4375,80,0.0
top_up_by_card_charge,verify_my_identity,0.05468682944774628,0.7375,80,0.0
top_up_by_card_charge,verify_source_of_funds,0.08816701173782349,0.6875,80,0.0
top_up_by_card_charge,verify_top_up,0.5204262137413025,0.7375,80,0.3333333333333333
top_up_by_card_charge,virtual_card_not_working,0.24451592564582825,0.4625,80,0.125
top_up_by_card_charge,visa_or_mastercard,0.3730200231075287,0.7125,80,0.0
top_up_by_card_charge,why_is_card_on_the_way,0.4878139793872833,0.25,80,0.1
top_up_by_card_charge,wrong_amount_of_cash_received,0.12786175310611725,0.5625,80,0.0
top_up_by_card_charge,wrong_exchange_rate_for_cash_withdrawal,0.08574657142162323,0.5125,80,0.0
top_up_by_card_charge,receiving_money,0.23490265011787415,0.4,80,0.0
top_up_by_cash_or_cheque,top_up_failed,0.3730965852737427,0.7625,80,0.2857142857142857
top_up_by_cash_or_cheque,top_up_limits,0.36540892720222473,0.8125,80,0.2857142857142857
top_up_by_cash_or_cheque,top_up_reverted,0.38427507877349854,0.7,80,0.2857142857142857
top_up_by_cash_or_cheque,topping_up_by_card,0.4302920401096344,0.3625,80,0.25
top_up_by_cash_or_cheque,transaction_charged_twice,0.18630734086036682,0.825,80,0.0
top_up_by_cash_or_cheque,transfer_fee_charged,0.12921658158302307,0.7875,80,0.0
top_up_by_cash_or_cheque,transfer_into_account,0.23579204082489014,0.725,80,0.0
top_up_by_cash_or_cheque,transfer_not_received_by_recipient,0.06646354496479034,0.5625,80,0.1
top_up_by_cash_or_cheque,transfer_timing,0.11863942444324493,0.75,80,0.0
top_up_by_cash_or_cheque,unable_to_verify_identity,0.0690716803073883,0.55,80,0.0
top_up_by_cash_or_cheque,verify_my_identity,0.12000401318073273,0.85,80,0.0
top_up_by_cash_or_cheque,verify_source_of_funds,0.3210866451263428,0.8,80,0.0
top_up_by_cash_or_cheque,verify_top_up,0.5092933177947998,0.85,80,0.2857142857142857
top_up_by_cash_or_cheque,virtual_card_not_working,-0.045716542750597,0.575,80,0.0
top_up_by_cash_or_cheque,visa_or_mastercard,0.20400679111480713,0.825,80,0.125
top_up_by_cash_or_cheque,why_is_card_on_the_way,0.14238223433494568,0.3625,80,0.0
top_up_by_cash_or_cheque,wrong_amount_of_cash_received,0.36049115657806396,0.675,80,0.1
top_up_by_cash_or_cheque,wrong_exchange_rate_for_cash_withdrawal,0.21028396487236023,0.625,80,0.09090909090909091
top_up_by_cash_or_cheque,receiving_money,0.3979926109313965,0.5125,80,0.0
top_up_failed,top_up_limits,0.5085400342941284,0.85,80,0.5
top_up_failed,top_up_reverted,0.8102806806564331,0.7375,80,0.5
top_up_failed,topping_up_by_card,0.35505780577659607,0.4,80,0.16666666666666666
top_up_failed,transaction_charged_twice,0.08141383528709412,0.8625,80,0.0
top_up_failed,transfer_fee_charged,-0.007502101361751556,0.825,80,0.0
top_up_failed,transfer_into_account,0.055407848209142685,0.7625,80,0.0
top_up_failed,transfer_not_received_by_recipient,0.09128639847040176,0.6,80,0.0
top_up_failed,transfer_timing,-0.006647234782576561,0.7875,80,0.0
top_up_failed,unable_to_verify_identity,0.13519234955310822,0.5875,80,0.0
top_up_failed,verify_my_identity,0.07227654755115509,0.8875,80,0.0
top_up_failed,verify_source_of_funds,0.036623433232307434,0.8375,80,0.0
top_up_failed,verify_top_up,0.7236572504043579,0.8875,80,0.5
top_up_failed,virtual_card_not_working,0.1417197436094284,0.6125,80,0.0
top_up_failed,visa_or_mastercard,-0.01998533308506012,0.8625,80,0.0
top_up_failed,why_is_card_on_the_way,0.21026496589183807,0.4,80,0.0
top_up_failed,wrong_amount_of_cash_received,0.061528801918029785,0.7125,80,0.0
top_up_failed,wrong_exchange_rate_for_cash_withdrawal,0.07096882164478302,0.6625,80,0.0
top_up_failed,receiving_money,0.06942175328731537,0.55,80,0.0
top_up_limits,top_up_reverted,0.43984514474868774,0.7875,80,0.5
top_up_limits,topping_up_by_card,0.36149927973747253,0.45,80,0.16666666666666666
top_up_limits,transaction_charged_twice,-0.0008042380213737488,0.9125,80,0.0
top_up_limits,transfer_fee_charged,-0.01997949741780758,0.875,80,0.0
top_up_limits,transfer_into_account,0.0960841104388237,0.8125,80,0.0
top_up_limits,transfer_not_received_by_recipient,-0.06467197835445404,0.65,80,0.0
top_up_limits,transfer_timing,0.1017608493566513,0.8375,80,0.0
top_up_limits,unable_to_verify_identity,-0.02931763418018818,0.6375,80,0.0
top_up_limits,verify_my_identity,0.029709652066230774,0.9375,80,0.0
top_up_limits,verify_source_of_funds,0.06954008340835571,0.8875,80,0.0
top_up_limits,verify_top_up,0.4727775454521179,0.9375,80,0.5
top_up_limits,virtual_card_not_working,-0.0507873110473156,0.6625,80,0.0
top_up_limits,visa_or_mastercard,0.07435846328735352,0.9125,80,0.0
top_up_limits,why_is_card_on_the_way,0.14658257365226746,0.45,80,0.0
top_up_limits,wrong_amount_of_cash_received,0.02402111142873764,0.7625,80,0.0
top_up_limits,wrong_exchange_rate_for_cash_withdrawal,-0.020714495331048965,0.7125,80,0.0
top_up_limits,receiving_money,0.10553447902202606,0.6,80,0.0
top_up_reverted,topping_up_by_card,0.3339860141277313,0.3375,80,0.16666666666666666
top_up_reverted,transaction_charged_twice,0.1212298646569252,0.8,80,0.0
top_up_reverted,transfer_fee_charged,0.034551288932561874,0.7625,80,0.0
top_up_reverted,transfer_into_account,0.09415644407272339,0.7,80,0.0
top_up_reverted,transfer_not_received_by_recipient,0.05618124082684517,0.5375,80,0.0
top_up_reverted,transfer_timing,0.04832591861486435,0.725,80,0.0
top_up_reverted,unable_to_verify_identity,0.07907935976982117,0.525,80,0.0
top_up_reverted,verify_my_identity,0.07658892869949341,0.825,80,0.0
top_up_reverted,verify_source_of_funds,0.006317758932709694,0.775,80,0.0
top_up_reverted,verify_top_up,0.6698573231697083,0.825,80,0.5
top_up_reverted,virtual_card_not_working,0.058111436665058136,0.55,80,0.0
top_up_reverted,visa_or_mastercard,-0.011432296596467495,0.8,80,0.0
top_up_reverted,why_is_card_on_the_way,0.266303151845932,0.3375,80,0.0
top_up_reverted,wrong_amount_of_cash_received,0.12358304113149643,0.65,80,0.0
top_up_reverted,wrong_exchange_rate_for_cash_withdrawal,0.15106134116649628,0.6,80,0.0
top_up_reverted,receiving_money,0.047136709094047546,0.4875,80,0.0
topping_up_by_card,transaction_charged_twice,0.18653783202171326,0.4625,80,0.0
topping_up_by_card,transfer_fee_charged,0.046527259051799774,0.425,80,0.0
topping_up_by_card,transfer_into_account,0.10736700892448425,0.3625,80,0.0
topping_up_by_card,transfer_not_received_by_recipient,0.0409153550863266,0.2,80,0.125
topping_up_by_card,transfer_timing,0.05169278383255005,0.3875,80,0.0
topping_up_by_card,unable_to_verify_identity,-0.003922998905181885,0.1875,80,0.0
topping_up_by_card,verify_my_identity,0.022572696208953857,0.4875,80,0.0
topping_up_by_card,verify_source_of_funds,0.03383265808224678,0.4375,80,0.0
topping_up_by_card,verify_top_up,0.346247136592865,0.4875,80,0.16666666666666666
topping_up_by_card,virtual_card_not_working,0.2545209228992462,0.2125,80,0.14285714285714285
topping_up_by_card,visa_or_mastercard,0.33162641525268555,0.4625,80,0.0
topping_up_by_card,why_is_card_on_the_way,0.5558733940124512,0.0,80,0.1111111111111111
topping_up_by_card,wrong_amount_of_cash_received,0.15466628968715668,0.3125,80,0.0
topping_up_by_card,wrong_exchange_rate_for_cash_withdrawal,0.059185124933719635,0.2625,80,0.0
topping_up_by_card,receiving_money,0.24396689236164093,0.15,80,0.0
transaction_charged_twice,transfer_fee_charged,0.5253927111625671,0.8875,80,0.2
transaction_charged_twice,transfer_into_account,0.2376004159450531,0.825,80,0.0
transaction_charged_twice,transfer_not_received_by_recipient,0.2670069634914398,0.6625,80,0.0
transaction_charged_twice,transfer_timing,0.21548712253570557,0.85,80,0.0
transaction_charged_twice,unable_to_verify_identity,0.2567695379257202,0.65,80,0.0
transaction_charged_twice,verify_my_identity,0.23006056249141693,0.95,80,0.0
transaction_charged_twice,verify_source_of_funds,0.12870320677757263,0.9,80,0.0
transaction_charged_twice,verify_top_up,0.10388227552175522,0.95,80,0.0
transaction_charged_twice,virtual_card_not_working,0.12485717982053757,0.675,80,0.0
transaction_charged_twice,visa_or_mastercard,0.1469835788011551,0.925,80,0.0
transaction_charged_twice,why_is_card_on_the_way,0.10461212694644928,0.4625,80,0.0
transaction_charged_twice,wrong_amount_of_cash_received,0.40438804030418396,0.775,80,0.0
transaction_charged_twice,wrong_exchange_rate_for_cash_withdrawal,0.25492534041404724,0.725,80,0.0
transaction_charged_twice,receiving_money,0.2849307954311371,0.6125,80,0.0
transfer_fee_charged,transfer_into_account,0.5245630145072937,0.7875,80,0.2
transfer_fee_charged,transfer_not_received_by_recipient,0.5212670564651489,0.625,80,0.14285714285714285
transfer_fee_charged,transfer_timing,0.444207102060318,0.8125,80,0.25
transfer_fee_charged,unable_to_verify_identity,0.12407590448856354,0.6125,80,0.0
transfer_fee_charged,verify_my_identity,0.13478028774261475,0.9125,80,0.0
transfer_fee_charged,verify_source_of_funds,0.16635337471961975,0.8625,80,0.0
transfer_fee_charged,verify_top_up,0.03999166935682297,0.9125,80,0.0
transfer_fee_charged,virtual_card_not_working,0.05510140210390091,0.6375,80,0.0
transfer_fee_charged,visa_or_mastercard,0.20689156651496887,0.8875,80,0.0
transfer_fee_charged,why_is_card_on_the_way,0.05732584372162819,0.425,80,0.0
transfer_fee_charged,wrong_amount_of_cash_received,0.27212977409362793,0.7375,80,0.0
transfer_fee_charged,wrong_exchange_rate_for_cash_withdrawal,0.29605886340141296,0.6875,80,0.0
transfer_fee_charged,receiving_money,0.3005853593349457,0.575,80,0.0
transfer_into_account,transfer_not_received_by_recipient,0.4870342016220093,0.5625,80,0.14285714285714285
transfer_into_account,transfer_timing,0.41902077198028564,0.75,80,0.25
transfer_into_account,unable_to_verify_identity,0.29364341497421265,0.55,80,0.0
transfer_into_account,verify_my_identity,0.34368693828582764,0.85,80,0.0
transfer_into_account,verify_source_of_funds,0.3491570055484772,0.8,80,0.0
transfer_into_account,verify_top_up,0.16826051473617554,0.85,80,0.0
transfer_into_account,virtual_card_not_working,0.03270723298192024,0.575,80,0.0
transfer_into_account,visa_or_mastercard,0.3515063524246216,0.825,80,0.0
transfer_into_account,why_is_card_on_the_way,0.07218082994222641,0.3625,80,0.0
transfer_into_account,wrong_amount_of_cash_received,0.24711816012859344,0.675,80,0.0
transfer_into_account,wrong_exchange_rate_for_cash_withdrawal,0.2409573197364807,0.625,80,0.0
transfer_into_account,receiving_money,0.4272294044494629,0.5125,80,0.0
transfer_not_received_by_recipient,transfer_timing,0.4800800681114197,0.5875,80,0.16666666666666666
transfer_not_received_by_recipient,unable_to_verify_identity,0.20939745008945465,0.3875,80,0.0
transfer_not_received_by_recipient,verify_my_identity,0.13955435156822205,0.6875,80,0.0
transfer_not_received_by_recipient,verify_source_of_funds,0.1496901512145996,0.6375,80,0.0
transfer_not_received_by_recipient,verify_top_up,0.04851634427905083,0.6875,80,0.0
transfer_not_received_by_recipient,virtual_card_not_working,0.16329629719257355,0.4125,80,0.125
transfer_not_received_by_recipient,visa_or_mastercard,0.11611659079790115,0.6625,80,0.0
transfer_not_received_by_recipient,why_is_card_on_the_way,0.13277007639408112,0.2,80,0.0
transfer_not_received_by_recipient,wrong_amount_of_cash_received,0.3756212890148163,0.5125,80,0.1111111111111111
transfer_not_received_by_recipient,wrong_exchange_rate_for_cash_withdrawal,0.2784513235092163,0.4625,80,0.0
transfer_not_received_by_recipient,receiving_money,0.47957098484039307,0.35,80,0.0
transfer_timing,unable_to_verify_identity,0.014109894633293152,0.575,80,0.0
transfer_timing,verify_my_identity,0.06235303729772568,0.875,80,0.0
transfer_timing,verify_source_of_funds,0.10988776385784149,0.825,80,0.0
transfer_timing,verify_top_up,0.1033574789762497,0.875,80,0.0
transfer_timing,virtual_card_not_working,-0.06499400734901428,0.6,80,0.0
transfer_timing,visa_or_mastercard,0.13468879461288452,0.85,80,0.0
transfer_timing,why_is_card_on_the_way,0.1624053567647934,0.3875,80,0.0
transfer_timing,wrong_amount_of_cash_received,0.10641831159591675,0.7,80,0.0
transfer_timing,wrong_exchange_rate_for_cash_withdrawal,0.18303282558918,0.65,80,0.0
transfer_timing,receiving_money,0.2747144103050232,0.5375,80,0.0
unable_to_verify_identity,verify_my_identity,0.8827402591705322,0.675,80,0.4
unable_to_verify_identity,verify_source_of_funds,0.38178756833076477,0.625,80,0.14285714285714285
unable_to_verify_identity,verify_top_up,0.3304908275604248,0.675,80,0.16666666666666666
unable_to_verify_identity,virtual_card_not_working,0.14388498663902283,0.4,80,0.0
unable_to_verify_identity,visa_or_mastercard,0.15003253519535065,0.65,80,0.0
unable_to_verify_identity,why_is_card_on_the_way,0.018441420048475266,0.1875,80,0.0
unable_to_verify_identity,wrong_amount_of_cash_received,0.23791338503360748,0.5,80,0.0
unable_to_verify_identity,wrong_exchange_rate_for_cash_withdrawal,0.13715258240699768,0.45,80,0.0
unable_to_verify_identity,receiving_money,0.15232178568840027,0.3375,80,0.0
verify_my_identity,verify_source_of_funds,0.38508981466293335,0.925,80,0.16666666666666666
verify_my_identity,verify_top_up,0.38419556617736816,0.975,80,0.2
verify_my_identity,virtual_card_not_working,0.07199697196483612,0.7,80,0.0
verify_my_identity,visa_or_mastercard,0.19335491955280304,0.95,80,0.0
verify_my_identity,why_is_card_on_the_way,0.0028611943125724792,0.4875,80,0.0
verify_my_identity,wrong_amount_of_cash_received,0.22530698776245117,0.8,80,0.0
verify_my_identity,wrong_exchange_rate_for_cash_withdrawal,0.11591261625289917,0.75,80,0.0
verify_my_identity,receiving_money,0.23273392021656036,0.6375,80,0.0
verify_source_of_funds,verify_top_up,0.3036212921142578,0.925,80,0.16666666666666666
verify_source_of_funds,virtual_card_not_working,0.0289585180580616,0.65,80,0.0
verify_source_of_funds,visa_or_mastercard,0.19427555799484253,0.9,80,0.0
verify_source_of_funds,why_is_card_on_the_way,0.004769269376993179,0.4375,80,0.0
verify_source_of_funds,wrong_amount_of_cash_received,0.3276160955429077,0.75,80,0.125
verify_source_of_funds,wrong_exchange_rate_for_cash_withdrawal,0.15020664036273956,0.7,80,0.0
verify_source_of_funds,receiving_money,0.4187747836112976,0.5875,80,0.0
verify_top_up,virtual_card_not_working,0.019948504865169525,0.7,80,0.0
verify_top_up,visa_or_mastercard,0.08299029618501663,0.95,80,0.0
verify_top_up,why_is_card_on_the_way,0.18729397654533386,0.4875,80,0.0
verify_top_up,wrong_amount_of_cash_received,0.08193409442901611,0.8,80,0.0
verify_top_up,wrong_exchange_rate_for_cash_withdrawal,0.03182048350572586,0.75,80,0.0
verify_top_up,receiving_money,0.14481599628925323,0.6375,80,0.0
virtual_card_not_working,visa_or_mastercard,0.24519209563732147,0.675,80,0.0
virtual_card_not_working,why_is_card_on_the_way,0.38831424713134766,0.2125,80,0.1111111111111111
virtual_card_not_working,wrong_amount_of_cash_received,0.15936781466007233,0.525,80,0.0
virtual_card_not_working,wrong_exchange_rate_for_cash_withdrawal,0.03975629806518555,0.475,80,0.0
virtual_card_not_working,receiving_money,0.12617552280426025,0.3625,80,0.0
visa_or_mastercard,why_is_card_on_the_way,0.3347328305244446,0.4625,80,0.0
visa_or_mastercard,wrong_amount_of_cash_received,0.11469662934541702,0.775,80,0.0
visa_or_mastercard,wrong_exchange_rate_for_cash_withdrawal,0.10539188981056213,0.725,80,0.0
visa_or_mastercard,receiving_money,0.24996227025985718,0.6125,80,0.0
why_is_card_on_the_way,wrong_amount_of_cash_received,0.14011020958423615,0.3125,80,0.0
why_is_card_on_the_way,wrong_exchange_rate_for_cash_withdrawal,0.09543924033641815,0.2625,80,0.0
why_is_card_on_the_way,receiving_money,0.2512948513031006,0.15,80,0.0
wrong_amount_of_cash_received,wrong_exchange_rate_for_cash_withdrawal,0.6229429244995117,0.575,80,0.2222222222222222
wrong_amount_of_cash_received,receiving_money,0.5757545828819275,0.4625,80,0.0
wrong_exchange_rate_for_cash_withdrawal,receiving_money,0.30766481161117554,0.4125,80,0.0
